Id,Drafted,oof_logistic_regression,oof_random_forest,oof_extra_trees,oof_histogram_gradient_boosting,oof_selected
0,1.0,0.6338942839079416,0.6246314710098364,0.676756209668811,0.6773668138807332,0.645297522932837
1,1.0,0.7196765895200374,0.7870057996419049,0.7181877369895733,0.9224568501651349,0.8097130797756925
2,1.0,0.6423300925968931,0.6579881702383997,0.7238875132368294,0.8100020450095125,0.7034401026149352
3,1.0,0.8615766833545769,0.7201638178949692,0.4869114012630662,0.8895931885120577,0.8237778965872012
4,1.0,0.777254717673737,0.5378461405328017,0.5313259771751407,0.6374539085326555,0.6508515889130647
5,1.0,0.9579677794270469,0.8739058197724713,0.871681344744562,0.9113442098660264,0.9144059363551816
6,1.0,0.8619896189636383,0.8531957109126033,0.9225109912784102,0.8200908325604516,0.8450920541455643
7,1.0,0.3187771186146947,0.3941837081771114,0.4718834372549361,0.4360135295415271,0.3829914521111111
8,0.0,0.6953208938065356,0.5830942303693663,0.5614619408810361,0.6560875939224194,0.6448342393661072
9,1.0,0.796878734693671,0.7156958517909955,0.8619032769563577,0.8802678733121501,0.7976141532656055
10,1.0,0.8324863035098263,0.7347630519639976,0.8102973837324534,0.8318522186143712,0.799700524696065
11,1.0,0.8157193445479503,0.7829869035313456,0.9650420960829224,0.8999113840835131,0.8328725440542697
12,0.0,0.8037382597699199,0.7497867618366988,0.8865440608304394,0.8366358356116971,0.7967202857394385
13,1.0,0.9138016333311993,0.8277054289895104,0.944705754265211,0.9214244233041995,0.8876438285416364
14,1.0,0.9097434672156623,0.8731234310685436,0.8331066189056505,0.9431258010983709,0.9086642331275256
15,1.0,0.7354302731692075,0.7609168483840777,0.7975004790862049,0.8765472254094683,0.7909647823209177
16,0.0,0.0032635049427446232,0.05690529197281936,0.0,0.029971194334720515,0.030046663750094835
17,0.0,0.007697854335020938,0.06470515158437923,0.0,0.04511628248566554,0.0391730961350219
18,1.0,0.8032545157117974,0.7308210830071566,0.8535546462869397,0.9149434505345266,0.8163396830844936
19,0.0,0.5473845910152625,0.5441410789769295,0.551838719153789,0.6293344856591213,0.5736200518837711
20,1.0,0.833103677974724,0.7156693465380561,0.9207212291761631,0.8162531121029792,0.7883420455385864
21,1.0,0.7801939432470306,0.8428415365652226,0.9521936084724099,0.9346688500291448,0.8525681099471326
22,1.0,0.8512616318980214,0.8005031655689103,0.9323702204654488,0.8838877096113494,0.8452175023594272
23,1.0,0.7247977313833178,0.7162085099055507,0.7137599400140882,0.8231458229825721,0.754717354757147
24,1.0,0.6155699034586801,0.5021815489791337,0.5128786139865409,0.7147321141925701,0.6108278555434613
25,0.0,0.005189279619293954,0.06142357426077244,0.0,0.029971194334720515,0.0321946827382623
26,0.0,0.33061784972091346,0.5639540487641979,0.6144871203681521,0.6455461400432698,0.5133726795094603
27,1.0,0.7461203448291945,0.5761323790945734,0.5635596765877364,0.6689199162160453,0.6637242133799378
28,0.0,0.006479238891270877,0.04618786698239474,0.0,0.03362751788037567,0.02876487458468043
29,1.0,0.45273304494634925,0.5931957821327449,0.6285054755285656,0.601692723142548,0.549207183407214
30,0.0,0.00553038669263996,0.0686437193063397,0.002261744621786171,0.03362751788037567,0.03593387462645178
31,1.0,0.9609328893449621,0.8642585391887327,0.9111236235891994,0.8328541133674832,0.8860151806337261
32,1.0,0.9291851760111874,0.8868651604570432,0.8468378959954235,0.9462996327527192,0.9207833230736499
33,1.0,0.6644657940932033,0.647021144329802,0.7933928677743055,0.7741717630401005,0.6952195671543686
34,0.0,0.019825015253801256,0.08050136820216461,0.0032720827560766166,0.03362751788037567,0.04465130044544718
35,1.0,0.9205654990873816,0.8249220259376467,0.8502044438133697,0.9046292021669294,0.8833722423973193
36,0.0,0.8931698292954314,0.7023886377547157,0.8925379253655109,0.848995692130305,0.814851386393484
37,0.0,0.015437051756789003,0.1414021378864781,0.0,0.04717218287967946,0.06800379084098218
38,1.0,0.556974832231812,0.4413417972279051,0.34349152032714375,0.5027559430451567,0.5003575241682913
39,0.0,0.7521482721710252,0.6483335969045794,0.7829711463819407,0.7548449206944453,0.7184422632566833
40,1.0,0.29712502191273926,0.46560662435347633,0.2927023354396879,0.4226599577843607,0.39513053468352544
41,0.0,0.7013016616557574,0.47597746073938557,0.34379511221581627,0.7045254846151718,0.6272682023367716
42,1.0,0.7023323967758548,0.7356613713304163,0.8235840675054653,0.9006488845784195,0.7795475508948968
43,1.0,0.6857135896361499,0.5861992375500119,0.5990097652282642,0.6956717657729633,0.655861530986375
44,1.0,0.8510885438632384,0.7689639157061882,0.8783823824797957,0.8517157562098793,0.8239227385931019
45,0.0,0.01899503490435286,0.09012713765435379,0.0,0.011736526324530499,0.04028623296107905
46,1.0,0.7320270664512287,0.6645215983722889,0.4664357924440907,0.751854833967591,0.7161344995970363
47,0.0,0.8259740438480024,0.7425071045722791,0.858935641528025,0.7893887864478524,0.7859566449560447
48,1.0,0.9416595296489724,0.7792687781661369,0.8512972583116404,0.8949383327863311,0.8719555468671468
49,1.0,0.7977053692536886,0.7232767411037819,0.7718502206367139,0.789592036890389,0.7701913824159532
50,0.0,0.018431016399031084,0.10848388137447934,0.0,0.033848932227272706,0.05358794333359437
51,0.0,0.5084973850653722,0.4272280773788981,0.3036595507116497,0.37231018840882774,0.4360118836176994
52,1.0,0.9279847157412423,0.9031313571452684,0.9757950415674079,0.9447406596464398,0.9252855775109835
53,1.0,0.42130956427375443,0.5547768002653769,0.7410047145286013,0.731569246530368,0.5692185370231665
54,0.0,0.010949442659757823,0.11926026065367341,0.016718097862135826,0.029971194334720515,0.053393632549383924
55,1.0,0.8268062403786502,0.6997945564441249,0.7003868937610005,0.764280942342974,0.763627246388583
56,1.0,0.7114052556545934,0.6499813351998955,0.7284127799735991,0.8717968121806491,0.7443944676783794
57,1.0,0.9348364426057304,0.8544303660297475,0.9899931908653332,0.9621565558947132,0.9171411215100638
58,0.0,0.940084133595228,0.7938351748161623,0.8957418492314158,0.8130282088526903,0.8489825057546936
59,1.0,0.8819643549883865,0.7770214914559506,0.8932730447075612,0.8512390232923567,0.8367416232455646
60,0.0,0.8644130236530585,0.6916107680528444,0.8474174169874423,0.8607790512171193,0.8056009476410074
61,1.0,0.8979209637679005,0.758078121451564,0.9408232501800042,0.8760716942041745,0.844023593141213
62,0.0,0.023154136197219167,0.07330691736095712,0.0,0.06053565908964044,0.05233223754927224
63,1.0,0.8998163834857881,0.9029589402819964,0.9124661604856257,0.9054395088149824,0.9027382775275888
64,1.0,0.6818658561821707,0.780149482915997,0.48014521276382394,0.8270538334703917,0.7630230575228532
65,1.0,0.7335011627166934,0.7907909506522058,0.9545500493105444,0.8850324393361528,0.8031081842350174
66,1.0,0.7182530601783259,0.5070764070177005,0.6220332464674239,0.7242951934906092,0.6498748868955452
67,1.0,0.9825975746332003,0.8955138075263132,0.9481495704129581,0.918769802679686,0.9322937282797331
68,1.0,0.883925790462689,0.5829034491438687,0.7246392522100329,0.7474233971612121,0.7380842122559232
69,1.0,0.8208566460454184,0.640966130130202,0.820930698537664,0.783496172816159,0.7484396496639265
70,1.0,0.9916172133046245,0.8042048507191969,0.9392870965691058,0.9187714055312792,0.9048644898517001
71,1.0,0.8995547394882268,0.787383862445707,0.9781369785646807,0.8827438298957339,0.8565608106098893
72,0.0,0.013064033099909198,0.08456549412810643,0.0004270520861739842,0.029798951162690945,0.04247615946356886
73,1.0,0.8753393656668919,0.83493904551718,0.9439516999184308,0.9227301750098941,0.877669528731322
74,1.0,0.7379550088886341,0.636857585208162,0.725801732457863,0.7030460798598961,0.6926195579855641
75,0.0,0.31742251551308626,0.26693598964417126,0.14750457730774733,0.28352632531285965,0.2892949434900391
76,0.0,0.6491325071533309,0.445798119103001,0.43800919864941634,0.304020065917295,0.466316897391209
77,1.0,0.7901306593094158,0.7268226090916161,0.7210937684837031,0.6298048904797432,0.7155860529602585
78,1.0,0.8093429185085561,0.7058520064840178,0.8314764133961227,0.7260436442898001,0.7470795230941247
79,1.0,0.7467752945370976,0.7730805695644476,0.8164212606136718,0.7746488688430727,0.7648349109815392
80,0.0,0.7028814135517749,0.6186829677212455,0.7001846929361949,0.6530435075877543,0.6582026296202582
81,1.0,0.7908334861738479,0.6268318783455502,0.5644494242442205,0.8112472663457391,0.7429708769550457
82,1.0,0.9553005948359607,0.8524061999184984,0.9681613255785405,0.8987952857421907,0.9021673601655499
83,1.0,0.6987195045864998,0.7516589710260492,0.8519105797007396,0.7916147080842346,0.7473310612322611
84,0.0,0.03977906463232233,0.1303967013427586,0.0014076404494382025,0.04782394515237959,0.07266657037582018
85,0.0,0.8500515735815207,0.6831663167341321,0.7488109575631442,0.6770746507589536,0.7367641803582021
86,0.0,0.5927811641995235,0.47006172048159356,0.5173756575848025,0.5448140120361291,0.535885632239082
87,0.0,0.879162598400609,0.8446591685288571,0.9846353250654838,0.8936306000363893,0.8724841223219518
88,1.0,0.6049298722542464,0.7298322892194956,0.9303417634498189,0.813619782746741,0.7161273147401609
89,0.0,0.334183867985431,0.40515338496099296,0.36610241693799467,0.5912012573466451,0.4435128367643563
90,1.0,0.8951446639544226,0.788530212465549,0.8917736005523376,0.8760050598401644,0.8532266454200453
91,0.0,0.5124337955991197,0.6257013879762,0.7391668808567801,0.7518035056563698,0.6299795630772298
92,0.0,0.035585198525412066,0.17077428111853726,0.013280955503695645,0.08187738798188895,0.09607895587527944
93,1.0,0.9309285255618351,0.8020472341871215,0.9346956126780183,0.8628043892765793,0.8652600496751787
94,0.0,0.04216996424708703,0.0869493165445626,0.0,0.03362751788037567,0.054248932890675096
95,1.0,0.7534738836103092,0.6403900504975479,0.7691505245705812,0.7487766140078549,0.7142135160385706
96,1.0,0.7319892034712258,0.5483112162124865,0.5614354425392684,0.6864918117778346,0.6555974104871822
97,1.0,0.822429566142414,0.6869433313452142,0.7171548484776695,0.8206729611145571,0.7766819528673952
98,0.0,0.21235106403418771,0.2518939004672432,0.2923206382764444,0.2529311680495995,0.23905871085034347
99,0.0,0.7347962876381269,0.4664774493075469,0.3219274533362893,0.4064992843052904,0.5359243404169881
100,0.0,0.020505966658120576,0.0941761836674862,0.0,0.03362751788037567,0.04943655606866081
101,1.0,0.85567744735182,0.7293204269847415,0.7745098763524388,0.7848733866457334,0.7899570869940984
102,1.0,0.953895545990234,0.9011280083538676,0.9399997098676711,0.9496817237944891,0.9349017593795302
103,0.0,0.06921732457469305,0.12760710238716097,0.0,0.06053565908964044,0.08578669535049815
104,1.0,0.8193122139312338,0.7147111042981129,0.7846231708905795,0.8272707830795353,0.7870980337696273
105,1.0,0.9648860469881172,0.8233174698674073,0.9053661286186298,0.920472693568954,0.9028920701414928
106,1.0,0.35541204286505645,0.5309397300516031,0.5601816389289104,0.49614699076008806,0.46083292122558256
107,1.0,0.8350937378722909,0.6142298281716791,0.7137363394446655,0.6742610597059759,0.7078615419166487
108,0.0,0.36441083227967364,0.4663498996762225,0.36472859061577056,0.3935399477225379,0.408100226559478
109,1.0,0.9541523077528528,0.8396879085618232,0.9614616773517454,0.9363402907579206,0.9100601690241988
110,1.0,0.8447595256065814,0.7179148367745367,0.8847237310399622,0.7798437311836037,0.780839364521574
111,0.0,0.15774360595318307,0.16936551013867684,0.048773949360257265,0.08165919238642116,0.13625610282609368
112,1.0,0.578935612893793,0.5584465939904287,0.5338402402923138,0.6724861773418159,0.6032894614086792
113,1.0,0.6469204513897897,0.6164419936346553,0.6893563221925313,0.7825827144915438,0.681981719838663
114,0.0,0.5021847609609615,0.5074888925652753,0.39845930061539236,0.6910152949271994,0.5668963161511454
115,0.0,0.033813715193301966,0.13192400391219913,0.0,0.033848932227272706,0.06652888377759127
116,1.0,0.7067100402334348,0.6351162323284185,0.8464611858445455,0.8078616375333582,0.7165626366984039
117,1.0,0.7712152349718533,0.6802259234579595,0.7388230472290984,0.8025006182984736,0.7513139255760954
118,1.0,0.8238239383202544,0.7086004691704375,0.861778120098676,0.9306447445270634,0.8210230506725851
119,1.0,0.7714557581232744,0.7773841219418073,0.7127087739676075,0.9007221374047226,0.8165206724899349
120,0.0,0.018551164403898715,0.06483651258357961,0.0,0.029798951162690945,0.037728876050056426
121,0.0,0.736930107256239,0.7358477424728419,0.895174376138611,0.6177243662569557,0.6968340719953455
122,0.0,0.5369100257735555,0.5422917196763664,0.44470197428271957,0.6129293989150463,0.5640437147883227
123,0.0,0.02856399122113256,0.10146919856957196,0.041759402770114494,0.08187738798188895,0.07063685925753116
124,0.0,0.005520181751072614,0.0877967813455579,0.0,0.033301234974714176,0.04220606602378157
125,1.0,0.6363773523376898,0.6825897143177905,0.852252461775266,0.807341122567118,0.7087693964075328
126,0.0,0.007096969177213665,0.09493733051606068,0.015027147635793315,0.032114341823639425,0.04471621383897126
127,1.0,0.8782200306567243,0.7046390757968255,0.8348035307673181,0.8347794315821051,0.8058795126785516
128,1.0,0.6560452682080822,0.5525904899836717,0.47138119750387575,0.5348813039208188,0.5811723540375242
129,0.0,0.010434623037376668,0.036634468797203244,0.0,0.06053565908964044,0.035868250308073446
130,1.0,0.8911480029435098,0.7345058141730105,0.9153427165653651,0.8951396697982039,0.8402644956382415
131,1.0,0.8470873413147092,0.799418968141612,0.8332320674353458,0.8901771168227451,0.8455611420930221
132,1.0,0.811762627903988,0.814427736911798,0.9034519281630091,0.8837900879341904,0.8366601509166589
133,1.0,0.7937867218944253,0.5113662003876651,0.393142163545723,0.546891921573415,0.6173482812851686
134,0.0,0.008771585675682073,0.049068696484428,0.0,0.06053565908964044,0.03945864708325018
135,1.0,0.8213061791103274,0.7218198784813871,0.8762583605690756,0.8331884950855226,0.7921048508924123
136,1.0,0.7736995889686455,0.6772733721759009,0.6184702851535813,0.6448135728158739,0.6985955113201401
137,0.0,0.8135270563728753,0.7336275591733867,0.9167894822255083,0.7518651080119542,0.7663399078527388
138,1.0,0.7807513123010709,0.6172671673088747,0.6617186590783726,0.8086088358241444,0.73554243847803
139,1.0,0.8544915852800042,0.7374919069788117,0.8495353303033026,0.8384149466780582,0.8101328129789581
140,0.0,0.012359389870763706,0.12412343168463635,0.0,0.029971194334720515,0.055484671963373526
141,1.0,0.8895116772802766,0.6587706464708145,0.5618681730107216,0.7547689870096679,0.7676837702535863
142,0.0,0.7176063732987167,0.6651100572052028,0.8395672225972199,0.7700945972356927,0.7176036759132041
143,1.0,0.6251096112545315,0.4835629202240739,0.4218617173596875,0.4648646311367153,0.5245123875384402
144,1.0,0.6517743782802448,0.608723867892949,0.6037058436940843,0.7541287710552288,0.6715423390761407
145,1.0,0.5118149131809088,0.5021011123575311,0.46763298998904346,0.5810739370987993,0.5316633208790797
146,1.0,0.17936193145845788,0.1776896266187685,0.0450665392522558,0.47590963864725927,0.2776537322414952
147,1.0,0.8257338699961052,0.8262463533026003,0.9452956947450909,0.9170586411707554,0.8563462881564871
148,1.0,0.7394834126192162,0.6984073509849089,0.6039793961557747,0.8149924444600137,0.750961069354713
149,1.0,0.7800550652308588,0.6598411665577434,0.6758177145912317,0.6913768025031624,0.7104243447639216
150,0.0,0.8947268494471544,0.8245252315549553,0.8690614525344411,0.8541606589933599,0.8578042466651565
151,0.0,0.8153563574085695,0.7246598330151198,0.8858669921141975,0.8498238410105653,0.7966133438114182
152,1.0,0.7373154219954547,0.7421061853747268,0.8470796415132157,0.9094941373766122,0.7963052482489313
153,1.0,0.9181465241817911,0.7789025291006066,0.8687865178748557,0.8846299236901228,0.8605596589908401
154,0.0,0.8578911100184996,0.6120606500207608,0.706915949130433,0.7375874243796202,0.7358463948062935
155,0.0,0.0029958806855361958,0.08121228996710946,0.0022597208648792912,0.029971194334720515,0.03805978832912205
156,1.0,0.8402669394945264,0.5501857839725008,0.5962920005465888,0.7409545358306975,0.710469086432575
157,1.0,0.8270387628742937,0.6695585583896253,0.9002283061976398,0.8117945913736678,0.7694639708791957
158,0.0,0.8047135921195984,0.6277593091455456,0.7016427888551553,0.6510362625625763,0.69450305460924
159,1.0,0.547447838509073,0.5427117984020515,0.4243875598574629,0.6780221641522147,0.5893939336877797
160,1.0,0.7886623978145909,0.7841003830129888,0.8735099564047636,0.851676631614408,0.8081464708139959
161,1.0,0.8411644137996432,0.7609585197354994,0.803475288376394,0.7956575727878633,0.7992601687743353
162,0.0,0.7143992783616739,0.5327022136804819,0.5171729862971622,0.640106865100699,0.6290694523809516
163,1.0,0.7525887451083503,0.6339799495966038,0.6962357727195325,0.8423453703197605,0.7429713550082382
164,1.0,0.7393204862929624,0.5403561321682123,0.5262178639675701,0.7163067312431988,0.6653277832347912
165,1.0,0.6142528526261509,0.7262681412567317,0.7865710239000218,0.8693217775813858,0.7366142571547561
166,1.0,0.8135601221205981,0.6790225162541342,0.8878099833260663,0.7221990310764214,0.7382605564837178
167,0.0,0.7767537132035455,0.6495930815443642,0.6162383866030602,0.7272094462430593,0.717852080330323
168,1.0,0.9444645211719512,0.8385336007359036,0.8453485481477707,0.9323025808771628,0.9051002342616726
169,0.0,0.016575246899051217,0.0811063772527147,0.0,0.029798951162690945,0.042493525104818956
170,0.0,0.009014669499061198,0.04495379039970729,0.0,0.03362751788037567,0.02919865925971472
171,1.0,0.7170169902926876,0.5711222491977935,0.7253611038701678,0.7478299405505077,0.6786563933469963
172,0.0,0.01349380071923865,0.06382656119226134,0.0,0.013171212353194624,0.03016385808823154
173,1.0,0.8354777886263072,0.5674394936561431,0.41285866875009464,0.8013065737893705,0.7347412853572736
174,0.0,0.011211554334164004,0.04980589897784004,0.0,0.013559921075413223,0.024859124795805754
175,1.0,0.8371646924539166,0.8005716627817142,0.9480286132005769,0.9005908426653126,0.8461090659669811
176,0.0,0.0059992122314826285,0.0591122393305483,0.0,0.029971194334720515,0.031694215298917146
177,0.0,0.016823285255561947,0.06433520419451624,0.0011308723108930854,0.04971271439013902,0.04362373461340574
178,0.0,0.7299260318149323,0.6283126525432173,0.6299637876585906,0.7404439676829013,0.6995608840136837
179,1.0,0.8806363087693674,0.7727718790316982,0.8379899699005697,0.8249634911716208,0.8261238929908954
180,1.0,0.9005111489304435,0.8514926729609482,0.9129156306656891,0.9121653089204719,0.8880563769372878
181,1.0,0.8535943961163399,0.8105838226990696,0.924438497869709,0.9266403899628918,0.8636062029261004
182,1.0,0.9077186423550844,0.6832671652285761,0.7703381949951178,0.6831955428907377,0.7580604501581326
183,1.0,0.9229717244712335,0.7023509300279243,0.8316057713405675,0.8428357235068161,0.8227194593353246
184,1.0,0.7433674007034307,0.7082148379831201,0.7182066198998431,0.8322060209067637,0.7612627531977715
185,1.0,0.3337483615790419,0.44715106223866563,0.4482946163181044,0.539718978940139,0.4402061342526155
186,0.0,0.0176908082032462,0.06683433856488037,0.0004270520861739842,0.055099526490937745,0.046541557753021434
187,1.0,0.5940595185721057,0.6002387359447452,0.6091894818357839,0.6782726430530104,0.6241902991899537
188,1.0,0.8325799433095752,0.6289218494269262,0.7077147214955081,0.7309050349094867,0.7308022758819961
189,1.0,0.7119333611890715,0.5699112940144412,0.529477324664681,0.6383224621868502,0.6400557057967876
190,1.0,0.8153771785964308,0.7378967075696083,0.8740963520906883,0.8876824227317575,0.8136521029659322
191,0.0,0.8491022598735202,0.7428505499611673,0.8728301643425112,0.9069417534240116,0.8329648544195664
192,0.0,0.6610695123353638,0.43733756898536086,0.3771164863232007,0.45982202455083965,0.519409701957188
193,1.0,0.8319296465448616,0.6230354261568566,0.73412043385953,0.5110735287186406,0.6553462004734529
194,0.0,0.008933831495366125,0.043796478107346486,0.0,0.03362751788037567,0.028785942494362757
195,1.0,0.8844600504830514,0.804639373784415,0.5544545587534279,0.9025741370969608,0.8638911871214757
196,0.0,0.41461991164843875,0.27027845192133504,0.300945617677902,0.294561363289945,0.32648657561990624
197,1.0,0.8423903030552967,0.5086860719323311,0.6221707523530047,0.6359517630809246,0.6623427126895175
198,1.0,0.8281298276392218,0.7927462282583103,0.8666184680904242,0.8581871901105042,0.8263544153360121
199,1.0,0.9471639342561857,0.830658749020958,0.9696739688582736,0.9250769000256329,0.9009665277675922
200,1.0,0.903849745995867,0.8155279007190418,0.7115331602392885,0.9202786297798378,0.8798854254982489
201,1.0,0.577574193918588,0.6049074207765617,0.704976703121854,0.6592136288847931,0.6138984145266476
202,0.0,0.5419013024458234,0.5258334122274205,0.4225687855059184,0.6416038873193874,0.5697795339975437
203,1.0,0.9059589479633677,0.7742126106509383,0.9479698966857262,0.9377043193399719,0.872625292651426
204,1.0,0.6606039530605596,0.6257282627422924,0.9113951424842764,0.7060801211564145,0.6641374456530889
205,1.0,0.8462023850925625,0.682689191936928,0.7741610605782427,0.8289965049284654,0.7859626939859853
206,1.0,0.7781896854547127,0.7487997112904523,0.7946865557735706,0.8091233929970991,0.7787042632474214
207,1.0,0.8459980383496897,0.7172426845886294,0.818514324727649,0.6145634729468891,0.7259347319617361
208,1.0,0.46398577106436467,0.5563946080539144,0.6316713777419265,0.7529576696297918,0.5911126829160237
209,1.0,0.6145542243828465,0.7365355489179022,0.6593031133860809,0.8226587887307171,0.7245828540104885
210,1.0,0.9361446270832893,0.8625451445239162,0.9860541179088038,0.929873962556808,0.9095212447213378
211,0.0,0.010682925874257718,0.060991951282795276,0.0,0.029798951162690945,0.033824609439914645
212,0.0,0.4864469105984323,0.5398692108547547,0.6426491072115366,0.5540670338938478,0.5267943851156783
213,1.0,0.945138952656092,0.8377345941301926,0.9609318034345997,0.9263132656226541,0.9030622708029797
214,1.0,0.9543299218369805,0.821119419064116,0.8474447640631402,0.955023763170426,0.9101577013571741
215,0.0,0.002914716713651186,0.05619655301941284,0.0,0.029971194334720515,0.029694154689261513
216,1.0,0.7882144961092032,0.7277531946610334,0.806707218839537,0.8459027435589993,0.7872901447764121
217,0.0,0.6846642650952918,0.6981748029157767,0.7758344177799775,0.7198463230974766,0.7008951303695151
218,1.0,0.8048845858001598,0.8748215568576709,0.8452421882622185,0.8802902962742878,0.8533321463107062
219,0.0,0.6582029793397126,0.5010934231552023,0.6928570477388291,0.599143668375341,0.5861466902900854
220,0.0,0.4691629582960217,0.47944630909718633,0.5879197759096422,0.6696425345116763,0.5394172673016281
221,0.0,0.012288664804594522,0.045625768123269864,0.015326275588838208,0.055099526490937745,0.037671319806267374
222,0.0,0.38644811481398744,0.46904931059734317,0.7729890865854475,0.465074284151372,0.44019056985423416
223,1.0,0.8733464183774885,0.8298677332988187,0.8974724032117245,0.9347383178581669,0.8793174898448246
224,1.0,0.41272588011041084,0.5089206707114831,0.5984953542229114,0.7280334223570976,0.5498933243929972
225,1.0,0.7950991516466442,0.7494156219120097,0.9115181916707621,0.8411816165027874,0.7952321300204804
226,1.0,0.2961706169223049,0.39466465211411683,0.2641398176152281,0.4484917987408102,0.3797756892590773
227,1.0,0.8694618546957378,0.6261702972128113,0.6640352294275813,0.7656218769778345,0.7537513429621278
228,1.0,0.793396340212717,0.7412348161608356,0.832436717143446,0.8512744265347971,0.7953018609694499
229,1.0,0.729748868182615,0.6657016069635573,0.8483850446498981,0.8547475657020838,0.7500660136160854
230,1.0,0.8679341575632377,0.8129985733880942,0.9332590482841646,0.9613017612355229,0.8807448307289515
231,0.0,0.10179169391763146,0.11210198655914021,0.0,0.06053565908964044,0.09147644652213738
232,1.0,0.7775123449341225,0.6454823720535791,0.8512906369471325,0.7998568755342873,0.7409505308406629
233,0.0,0.5102494476303675,0.40942541454586057,0.34040178980381997,0.5544890846554483,0.4913879822772255
234,1.0,0.6065874511716262,0.7104588354008474,0.7763670086574206,0.8078217030082595,0.7082893298602443
235,0.0,0.8272424514274758,0.7277383704286653,0.7866139091759198,0.8299887984745299,0.7949898734435571
236,1.0,0.9263953243348158,0.7927921452733793,0.9047187092133794,0.8742254983460506,0.8644709893180819
237,0.0,0.005140579040817636,0.11090719839604182,0.0,0.033848932227272706,0.04996556988804405
238,1.0,0.7240774369471611,0.522901543006309,0.535876241618571,0.5525592834418981,0.599846087798456
239,1.0,0.772153254097722,0.7497156057233058,0.8974202116809444,0.892635583316294,0.8048348143791072
240,1.0,0.6793166418755996,0.6233898191651367,0.6990543861721626,0.7522078954596793,0.6849714521668052
241,0.0,0.9111616254858796,0.6766547317842067,0.6712913931673302,0.8360979083845462,0.8079714218848775
242,0.0,0.001194757049410523,0.056479483389397164,0.0,0.029971194334720515,0.0292151449245094
243,0.0,0.6200463701918172,0.6108631914390215,0.7589791843930056,0.6309684752717533,0.620626012300864
244,1.0,0.8554188255470879,0.781345397637942,0.8685538325834382,0.7396322712648582,0.7921321648166293
245,0.0,0.7307907123975305,0.5540539759404585,0.6177216014036853,0.7056822698609244,0.6635089860663045
246,0.0,0.5679811274171261,0.3731303075092391,0.3141400733050757,0.3058135832925245,0.4156416727396299
247,0.0,0.784025113387781,0.7756336173029627,0.9538486842863486,0.8516327628330379,0.8037638311745939
248,1.0,0.8246327050566485,0.7243666510773709,0.8935133914091943,0.8398004134487956,0.7962665898609383
249,1.0,0.5565459135407356,0.783956880420467,0.8709304918763974,0.9285532669245082,0.7563520202952368
250,1.0,0.36780378328459834,0.4924681508383651,0.35893099734961614,0.6380634324829845,0.49944512220198267
251,1.0,0.8481928959765697,0.8402913296316552,0.9231092998185637,0.8799091292871704,0.8561311182984651
252,0.0,0.9333045067076946,0.7912890593576933,0.9427732398987423,0.885641581911622,0.8700783826590034
253,0.0,0.8596789515759936,0.7155343503138787,0.6511691160043938,0.7923624576643916,0.7891919198514213
254,0.0,0.06888024217784651,0.18235395985428643,0.06096432834399757,0.18519247134132313,0.14547555779115204
255,1.0,0.8210369498585103,0.7207323969347346,0.9210685954068772,0.8642945840218633,0.8020213102717028
256,1.0,0.8852657504515202,0.7380740386464062,0.7209736172434456,0.8581532425874374,0.8271643438951214
257,1.0,0.6747407894949266,0.6783904241813765,0.6996704928634051,0.8149180167043385,0.7226830767935472
258,1.0,0.7498767128857547,0.6460978467614393,0.681563173935038,0.7572463207952274,0.7177402934808071
259,1.0,0.8976969773549868,0.7740909614324443,0.9248536085668809,0.9320478696827408,0.8679452694900572
260,1.0,0.951687632133711,0.8349876162235765,0.9808351913742557,0.9812554698931457,0.9226435727501444
261,1.0,0.7930333118447536,0.48862269785104717,0.5233660007414689,0.3145716721460716,0.5320758939472908
262,1.0,0.6945832843875004,0.6519170362413746,0.49616767291133385,0.7053212082287686,0.6839405096192146
263,0.0,0.6142109012312676,0.5744362441707453,0.5930930356077997,0.5008372365967051,0.5631614606662394
264,0.0,0.8998347933220106,0.6781982100676227,0.8078926738460402,0.8426424637004962,0.8068918223633764
265,1.0,0.8014528894390153,0.6244967588749123,0.7134733407716891,0.8168695758373778,0.7476064080504351
266,1.0,0.7037323969501488,0.5458038203679263,0.5803802579380425,0.5085607078977423,0.5860323084052724
267,0.0,0.4324279231229783,0.43701281755889587,0.5183809988333539,0.574760951986611,0.48140056422282845
268,0.0,0.012482169463494975,0.10716127201293922,0.0,0.029971194334720515,0.049871545270384905
269,1.0,0.948995327506779,0.8094154464471339,0.860616914103769,0.9153498499382519,0.8912535412973882
270,1.0,0.7151361227094913,0.5445525654108153,0.536374710817366,0.5927188527366546,0.6174691802856538
271,1.0,0.7108572406864944,0.7834162920186261,0.9465430920216734,0.904562251874961,0.7996119281933605
272,1.0,0.30418829096861577,0.42508454930815404,0.4323869357852641,0.3898301895835359,0.3730343432867686
273,1.0,0.6725993161209414,0.5661183188324754,0.598120120540049,0.7651045726593254,0.6679407358709141
274,1.0,0.9158003199414892,0.8040687541318013,0.9511782629396289,0.9314245313914193,0.8837645351549033
275,1.0,0.5495441144480069,0.4905135032652978,0.44557348783540296,0.558233029386032,0.5327635490331123
276,1.0,0.9885202794187796,0.8325797793443717,0.9515353470996858,0.905328920710412,0.9088096598245211
277,0.0,0.7911250763014173,0.5430088371385952,0.6709111804788577,0.5941664966818889,0.6427668033739672
278,1.0,0.8825256346510223,0.6660555180966027,0.7534074959568289,0.7015133410431704,0.750031497930265
279,1.0,0.9050699663210134,0.8243998755872568,0.9357401616093061,0.8828594487492304,0.8707764302191668
280,1.0,0.9325505398335174,0.7949666725330782,0.7937694263165789,0.8821485915600008,0.8698886013088655
281,0.0,0.8796399811669349,0.6764367839823414,0.8879431818249212,0.8284411122900939,0.7948392924797901
282,1.0,0.5675863832913729,0.5593056542966885,0.4716391260289553,0.6654482328587452,0.5974467568156022
283,0.0,0.7101465259409094,0.5456663673248433,0.6062769454960929,0.6690296195774244,0.6416141709477258
284,0.0,0.03162978324851233,0.20549728775682807,0.0,0.03697128109822978,0.09136611736785673
285,0.0,0.6095142689781895,0.3254891591377747,0.3312354376947609,0.5230471576459425,0.48601686192063553
286,0.0,0.020366388945747632,0.16257924652184585,0.0004270520861739842,0.0335016158209567,0.07214908376285006
287,0.0,0.6895106365832814,0.6940003151932046,0.7039523589809028,0.7027465388120745,0.6954191635295203
288,0.0,0.001568856093232537,0.06177302339706833,0.018622049918517885,0.01778898186888944,0.02704362045306344
289,1.0,0.8287187638955003,0.6634022799251299,0.5943460406988091,0.8741820562784759,0.7887677000330354
290,1.0,0.8857008106342609,0.8343335830384422,0.8790103225219672,0.9420696005586675,0.8873679980771235
291,1.0,0.878267837371852,0.6898547304718577,0.7869929686911741,0.7022400268680405,0.7567875315705835
292,1.0,0.9489218716076542,0.8605784323234831,0.9802755979835437,0.9524410370398545,0.9206471136569974
293,1.0,0.8199546230598743,0.8039175160580274,0.9220361429206732,0.9845181958413206,0.8694634449864075
294,0.0,0.7676484324285614,0.6145184343273858,0.7133034726103841,0.681845086493679,0.6880039844165421
295,1.0,0.8688702002759551,0.6249930478645949,0.42942482116452,0.72334360704956,0.7390689517300366
296,1.0,0.7056729054488484,0.5168131589773857,0.7707121636035503,0.6341268486437391,0.6188709710233244
297,1.0,0.6883560093619912,0.6114343185996783,0.7167001599100165,0.8292202159475074,0.7096701813030589
298,0.0,0.49896327712222543,0.5656335678741378,0.6687569300571925,0.5855213992831545,0.5500394147598392
299,1.0,0.636293958157089,0.7092816974910925,0.6649778077408609,0.8850551701455368,0.7435436085979061
300,1.0,0.7628377619049173,0.582201045610565,0.6970049960669069,0.5893346893121677,0.6447911656092167
301,1.0,0.7616682391048555,0.7549894780455938,0.9039452117782488,0.8794892350869837,0.798715650745811
302,1.0,0.8428398210732215,0.5136207045046638,0.520321350530244,0.8761645565094506,0.7442083606957786
303,1.0,0.8791622141667781,0.7185158969345354,0.8198897984349757,0.7145687465059554,0.7707489525357563
304,1.0,0.4549481362181245,0.5409032397749518,0.5906058396635596,0.5902763269808917,0.528709234324656
305,1.0,0.9378297196350732,0.8711942750591041,0.9847614341086459,0.929349081975752,0.912791025556643
306,0.0,0.02795511876706538,0.1693727388177302,0.0,0.04717218287967946,0.08150001348815836
307,1.0,0.9499355003817435,0.8327941190932111,0.9298060602692491,0.959367615295515,0.9140324115901565
308,0.0,0.4310671668789674,0.5073610257265684,0.455743800524035,0.4141397865604934,0.4508559930553431
309,0.0,0.9022792668962276,0.7771648427544561,0.9196463974070401,0.8674151262823597,0.8489530786443478
310,0.0,0.5787720202164797,0.4983476288952234,0.6441369807530508,0.480922449732569,0.519347366281424
311,1.0,0.9302859980702799,0.7961450626066577,0.9037700620453603,0.9154786069444837,0.8806365558738071
312,1.0,0.8410330436417428,0.7787524738266793,0.715321096553489,0.8670967332411494,0.8289607502365239
313,1.0,0.9192808384247302,0.7753667401480544,0.9535814673548466,0.8467857184642134,0.847144432345666
314,1.0,0.9254763235574035,0.6787980412918913,0.960078792066081,0.9104278644335636,0.8382340764276194
315,0.0,0.38884546067749126,0.6099100454689796,0.7962508308489795,0.6944070574871795,0.5643875212112168
316,1.0,0.898561752176171,0.5727743965333576,0.5503453297776141,0.8767697261281193,0.782701958279216
317,1.0,0.938195274559308,0.9023762034856226,0.9042457236294,0.9189412426294066,0.9198375735581124
318,1.0,0.7347731416239955,0.6863930465228892,0.9312177881928801,0.8446081605877613,0.755258116244882
319,1.0,0.8128492230552568,0.6974624153228303,0.8613378606896152,0.787799578921559,0.7660370724332154
320,1.0,0.8919051102665044,0.7049310851988071,0.65748748638331,0.8333467400542225,0.8100609785065114
321,1.0,0.7179659126887524,0.6407389835548739,0.6962335848056045,0.8069417194021528,0.7218822052152597
322,0.0,0.7635980114420406,0.630775586180183,0.48872290704528754,0.7254893429389159,0.7066209801870466
323,1.0,0.9843658197709632,0.8555722596125722,0.9490910492549797,0.8979500867008754,0.9126293886948035
324,1.0,0.8288471767756865,0.6453297386257355,0.7170189004290636,0.7253468969866887,0.7331746041293702
325,1.0,0.8032244508122545,0.7788950011468516,0.854298625274553,0.8639727830597437,0.8153640783396167
326,1.0,0.6124661882630292,0.5618864690727056,0.6312244782416434,0.6205209826396072,0.598291213325114
327,1.0,0.661283322252191,0.5983793470077139,0.5140562773204306,0.6580905711548093,0.6392510801382381
328,0.0,0.6667155914839562,0.5921311812403802,0.7765331185989094,0.7462352626440817,0.6683606784561394
329,1.0,0.9356875561733563,0.7521826094496531,0.8978926849653578,0.9059107022632326,0.8645936226287474
330,1.0,0.8587333857452543,0.6931588471062272,0.7792875387067099,0.8978496990975666,0.816580643983016
331,1.0,0.7833834724073815,0.4703013253861552,0.645141787411603,0.6242521413784303,0.625978979723989
332,0.0,0.4558633306399399,0.42630980100909105,0.4387021734684716,0.4049728426737574,0.4290486581075961
333,1.0,0.9572270057682623,0.7997443162108939,0.9198760768622919,0.8866452558058554,0.8812055259283372
334,0.0,0.004685474741106293,0.05813922310978134,0.0,0.029971194334720515,0.03093196406186938
335,0.0,0.8576390441561054,0.6531518737246804,0.6830037950911358,0.6487199273545501,0.7198369484117787
336,1.0,0.8389677142934857,0.7657017471400528,0.8064881677269903,0.8888276932814727,0.8311657182383371
337,0.0,0.6239496200966034,0.4782206278681822,0.5033241732751161,0.554015841382933,0.5520620297825728
338,0.0,0.7456296831866562,0.7789989766291918,0.8706910128335111,0.866430735284616,0.7970197983668214
339,1.0,0.6687845275369406,0.4602558473283808,0.35309678534540506,0.47275454080209167,0.5339316385558044
340,0.0,0.8826828223474564,0.7301579035395807,0.884127848520275,0.8627690589546139,0.8252032616138836
341,0.0,0.015950859023808495,0.057558683857232146,0.0,0.06053565908964044,0.044681733990227034
342,0.0,0.8227792118056023,0.6177672529536934,0.7801634696037544,0.8153240170817574,0.7519568272803511
343,0.0,0.5441526384594526,0.5668006097941555,0.6818973313788141,0.6679010133346555,0.5929514205294212
344,1.0,0.22796890325020944,0.35719703053927515,0.5656524129344567,0.4598619770382086,0.3483426369425644
345,0.0,0.01076360556637817,0.15763923028066756,0.0,0.019573956474685596,0.06265893077391045
346,0.0,0.30220364595393673,0.26938636787057557,0.2922011863315649,0.31326093588132786,0.29495031656861337
347,1.0,0.6751527104549017,0.6106553423615627,0.6479044411828283,0.6340629157680869,0.6399569895281837
348,1.0,0.8646219442261481,0.6989720757792557,0.7265164562289707,0.8393800497663456,0.8009913565905831
349,1.0,0.9683990945915633,0.8521638383318074,0.972935361991306,0.9152367517775998,0.9119332282336569
350,1.0,0.8945773942908442,0.8079522968339303,0.8947725303100408,0.8804613098942016,0.8609970003396586
351,0.0,0.0054828253181516485,0.04281591135255149,0.0,0.029971194334720515,0.026089977001807887
352,1.0,0.6990349901700501,0.6602858340895069,0.7114863552159599,0.7845041154733539,0.7146083132443036
353,0.0,0.005812127032335569,0.050017356319037753,0.0,0.03362751788037567,0.029819000410582996
354,1.0,0.7812873152068781,0.8146435845521474,0.8729826829109729,0.9413882819238166,0.8457730605609474
355,1.0,0.8279183430558356,0.729512803033917,0.8064934846774523,0.8201070730527934,0.7925127397141819
356,0.0,0.010635799574989403,0.09637964794258094,0.0008527808069792804,0.02580534103990328,0.04427359618582454
357,1.0,0.967887052599051,0.7892511883897763,0.789386404721882,0.8368999260150912,0.8646793890013061
358,0.0,0.4121412327055616,0.5911821129890664,0.6063007369787827,0.46293979776493777,0.48875438115318853
359,1.0,0.589258404254345,0.604722738918964,0.5739936535803761,0.834320752571,0.6761006319147697
360,0.0,0.01726701801127627,0.07356051663471024,0.0,0.06053565908964044,0.05045439791187565
361,0.0,0.03713142568882647,0.11837683371104449,0.0,0.029798951162690945,0.061769070187520626
362,1.0,0.8182907486611847,0.7466292855249566,0.8861690212349681,0.7948463757486307,0.7865888033115906
363,0.0,0.042965238384424634,0.13937087393920333,0.0,0.03362751788037567,0.07198787673466787
364,1.0,0.7117619843609306,0.5799640852731855,0.5102010304824094,0.6433324999743083,0.6450195232028082
365,1.0,0.5701859459212183,0.6572157745459986,0.7889676957046475,0.7617543045140188,0.6630520083270786
366,0.0,0.0038532385605885393,0.09586768500414196,0.004219424460431655,0.029971194334720515,0.04323070596648367
367,0.0,0.028039028417696503,0.14328248401278562,0.026669086102956853,0.07440278027453663,0.0819080975683396
368,1.0,0.9771904161769837,0.8851389455397805,0.9961097122302158,0.9573729468862131,0.9399007695343258
369,1.0,0.8300156651973071,0.6761536489169822,0.7681072821918435,0.7298230143872688,0.745330776167186
370,1.0,0.6723499170010915,0.5183152245729569,0.43640611057011525,0.38617611231873583,0.5256137512975947
371,1.0,0.9035338916013445,0.8408965491997428,0.9822193123831143,0.8913822773961295,0.8786042393990723
372,1.0,0.5602479077695661,0.5919608682043215,0.5464901762891485,0.5555720016377269,0.5692602592038715
373,0.0,0.001564337116439604,0.05184874209423706,0.0007038202247191013,0.04653261582222783,0.03331523167763483
374,1.0,0.8945723463214892,0.8597454391994397,0.9635859021937527,0.9082714706138485,0.8875297520449257
375,1.0,0.9348148456603405,0.8066707335488116,0.8084700372869529,0.8556326432692707,0.8657060741594741
376,0.0,0.01016103283801632,0.07266892295195602,0.0,0.029971194334720515,0.03760038337489762
377,1.0,0.8127382724321827,0.8035000260189292,0.8090137519655646,0.907477307872503,0.841238535441205
378,1.0,0.8797937604445235,0.7768514522493026,0.9321244795616167,0.8591289876986579,0.838591400130828
379,1.0,0.8627725477855928,0.7141617527299877,0.7307387025416916,0.8216441416557119,0.7995261473904307
380,1.0,0.920374580278444,0.7878020582569042,0.9099423043579724,0.8518117156793945,0.8533294514049142
381,1.0,0.6541533052738727,0.6471406107042277,0.4072419548088619,0.7154396763414722,0.6722445307731909
382,0.0,0.014584620946628607,0.08806482630874386,0.0004270520861739842,0.029798951162690945,0.04414946613935447
383,0.0,0.8483549631150273,0.7235276212506028,0.8759790255157474,0.8523159451852406,0.8080661765169569
384,0.0,0.8010994973147542,0.676911044921907,0.6271991134769386,0.6303075785033414,0.7027727069133342
385,1.0,0.948773901562249,0.801823855832787,0.899773543199294,0.9414185192687526,0.8973387588879295
386,0.0,0.7540948195188569,0.7259813072049021,0.6749340673995883,0.8342870827635169,0.7714544031624254
387,1.0,0.7553369010467886,0.6303435184899753,0.7088581006384944,0.7399631998886343,0.7085478731417995
388,1.0,0.8947700061763895,0.5797761371058437,0.6922164497907051,0.8182292672585416,0.7642584701802583
389,1.0,0.6834146814078239,0.5228847569228768,0.4382649066129857,0.5863700783078754,0.597556505546192
390,1.0,0.8942541231756156,0.7272262162593363,0.7632548528309131,0.7865587202025437,0.8026796865458318
391,1.0,0.7282438236974793,0.6083482432911481,0.6225417371029346,0.7134405294588247,0.6833441988158174
392,1.0,0.7899318285899127,0.7450913885202265,0.8422217251747034,0.8206477933085278,0.7852236701395556
393,1.0,0.8238148234599436,0.6913724484001621,0.6175350478093307,0.7013620591597441,0.7388497770066166
394,1.0,0.9321693542685735,0.8783640233458325,0.9839239275948836,0.9187101590796773,0.9097478455646945
395,0.0,0.024385371187749964,0.07195169673371274,0.0025385127603312877,0.03362751788037567,0.04332152860061279
396,0.0,0.7389506465691912,0.5922657296519958,0.5732188988791753,0.73267933962062,0.6879652386139355
397,1.0,0.6501447025379815,0.578939968371592,0.6296214408911449,0.5949815742304494,0.608022081713341
398,1.0,0.9878648939153225,0.8671146791879915,0.9809481394931869,0.92639917466641,0.9271262492565745
399,0.0,0.015034739189883907,0.06174958441001576,0.0,0.03362751788037567,0.03680394716009178
400,0.0,0.8243740239591948,0.483889009585437,0.44584000988756217,0.6715084564900629,0.6599238300115648
401,0.0,0.618299893591697,0.6117480012373226,0.7921877265595423,0.6903817007270759,0.6401431985186985
402,0.0,0.040873364760885635,0.14462227338245642,0.0022617446217861707,0.029798951162690945,0.071764863102011
403,0.0,0.418238557469745,0.4301621964329585,0.39175281068062423,0.42936314547361365,0.42592129979210575
404,0.0,0.7605433026449355,0.6201670962677539,0.6843249505828619,0.7510445769680875,0.710584991960259
405,1.0,0.9280667510947989,0.7747908518654897,0.7667243540605265,0.8931230711607261,0.8653268913736717
406,0.0,0.8746591450220021,0.7423364727162352,0.7768767789929798,0.8761339992308745,0.8310432056563707
407,1.0,0.6631249212754002,0.6238420884575426,0.6206807305254871,0.704236212490831,0.6637344074079247
408,1.0,0.8931980977337336,0.6825374580621903,0.7728516049754831,0.688221541547426,0.7546523657811166
409,1.0,0.6543736823863794,0.6624275700437791,0.7259170884785987,0.8430175740962379,0.719939608842132
410,1.0,0.3574212188557735,0.4841564496488253,0.5294846798022552,0.6538434137659596,0.4984736940901861
411,1.0,0.586122373086744,0.4284388831702159,0.4214233790840912,0.36590824823304496,0.46015650149666826
412,1.0,0.6028260094987635,0.4994575980313366,0.6974677285768217,0.601345767063851,0.5678764581979837
413,1.0,0.8761080181705438,0.7678174270371265,0.9328829521289579,0.8977897020143084,0.8472383824073262
414,0.0,0.06151086301338237,0.1356691304765769,0.001984976483241054,0.03362751788037567,0.07693583712344498
415,0.0,0.016834168356996353,0.11786983727476846,0.0007038202247191013,0.04511628248566554,0.05994009603914346
416,0.0,0.4778645587358546,0.5083792028496236,0.41016850847394076,0.6627337029626246,0.5496591548493676
417,0.0,0.6022004036087043,0.46445109236063986,0.5300087002636175,0.7458651076943927,0.6041722012212457
418,1.0,0.8374033951864152,0.6622308951618713,0.45489282819178867,0.8163967975159315,0.772010362621406
419,0.0,0.8414391568391176,0.6206951444232578,0.6273136823741426,0.7798341920416662,0.7473228311013472
420,0.0,0.008823542668252015,0.11548105854238569,0.0,0.029971194334720515,0.05142526518178608
421,0.0,0.5406903277011826,0.5603315927973701,0.7647733414011921,0.678160843426047,0.5930609213081999
422,0.0,0.8332044455002241,0.6285063839112128,0.7127923622646383,0.8213331320096166,0.7610146538070178
423,1.0,0.7113428821527499,0.7071407154491083,0.9037932500178647,0.7858406040686211,0.7347747338901597
424,1.0,0.7939687548588868,0.7905512563047765,0.8522577290482121,0.8846347088830719,0.8230515733489118
425,1.0,0.8425734909795942,0.7601055826649298,0.6664895843408347,0.8891970633643084,0.8306253790029441
426,1.0,0.6475097063809953,0.4627382601480932,0.3667399232259819,0.37354022767796935,0.4945960647356859
427,1.0,0.9239527182441953,0.8651821872060161,0.8888820014096172,0.9387562860011782,0.9092970638171298
428,1.0,0.8970373563904123,0.7431429756935234,0.8576908283598655,0.884140516243761,0.841440282775899
429,1.0,0.7894616056466615,0.6411198951271629,0.8318766706905493,0.8569021620906143,0.7624945542881463
430,0.0,0.7693418154531485,0.7443602292149475,0.8921824316025798,0.7959916278559602,0.7698978908413521
431,1.0,0.8006094280205981,0.5714510782239474,0.6423635388277251,0.7087760355164329,0.6936121805869928
432,1.0,0.9279838215510297,0.8683901909098669,0.9375624471423575,0.9415887451411298,0.9126542525340088
433,0.0,0.7074757767133508,0.6028656996381871,0.8146301306424062,0.785397663846001,0.6985797133991797
434,1.0,0.7996866668002238,0.664176376548459,0.8912588488855353,0.7919140561480182,0.7519256998322336
435,1.0,0.8433070994506583,0.7534332177905155,0.7791654705969605,0.9107353961967474,0.8358252378126404
436,1.0,0.8978255291040753,0.768944690537727,0.9470981040497469,0.8839807586401528,0.850250326093985
437,1.0,0.7583900883549147,0.7258255837449538,0.8000413589430114,0.839299960411508,0.7745052108371255
438,1.0,0.8852694880907755,0.7305567133897681,0.7339633337992467,0.8421775380796176,0.8193345798533871
439,0.0,0.886444237661397,0.7747921683844594,0.7490744203764317,0.905867825104026,0.8557014103832942
440,1.0,0.806608118302413,0.7514524235173221,0.8894403401611419,0.8616857184630191,0.8065820867609181
441,1.0,0.8979358862914727,0.8739808258194437,0.7898971669848986,0.904292532916461,0.892069748342459
442,0.0,0.013818745260546684,0.07472750086427048,0.00467972320551482,0.03362751788037567,0.04072458800173095
443,1.0,0.8177534100791257,0.5773586066209195,0.49706009460043427,0.5998116567119107,0.6649745578039853
444,0.0,0.012111764597365475,0.06329251725270417,0.0,0.029971194334720515,0.03512515872826339
445,1.0,0.8011743166433677,0.7569015440587888,0.9572830578054153,0.8265879425473479,0.7948879344165015
446,1.0,0.885138012094757,0.689189586987989,0.6146308296366708,0.7754618040034025,0.7832631343620496
447,0.0,0.0626894861038214,0.1229143605201703,0.0,0.04717218287967946,0.07759200983455705
448,0.0,0.0028256021912435847,0.08712916492951858,0.0,0.029971194334720515,0.03997532048516089
449,1.0,0.8885036746732439,0.695054059544151,0.8919861130570009,0.8966522530395405,0.8267366624189786
450,1.0,0.7158653931453347,0.7980354341309324,0.846978023520965,0.8765012087913707,0.7968006786892126
451,1.0,0.927294098630678,0.746028374580797,0.8602210751210466,0.8496739571678519,0.8409988101264423
452,1.0,0.8713829183362647,0.7834130405976732,0.8095400517423282,0.888843638048494,0.8478798656608107
453,1.0,0.8750129748202227,0.8225939321480569,0.9145448054056247,0.9159540881627829,0.8711869983770208
454,0.0,0.932557080239863,0.6398486289471702,0.8338933239852053,0.860970835744065,0.8111255149770327
455,1.0,0.5226703550403486,0.44938010386832367,0.34990947927395577,0.5129642591847886,0.49500490603115366
456,0.0,0.7950876069914502,0.7270756451427531,0.7355737923185598,0.9031012695862539,0.8084215072401525
457,1.0,0.8171955619678336,0.6887549686119762,0.9303250815399454,0.8219105035987162,0.7759536780595085
458,1.0,0.6298175587494499,0.5200218436821943,0.4432103886993146,0.5965158975353928,0.5821184333223456
459,0.0,0.7250843068550734,0.7195545903038513,0.8603254095781856,0.8634095351014764,0.7693494774201337
460,0.0,0.9655286337424287,0.6174377678121842,0.6657855781581973,0.8387387800453188,0.8072350605333106
461,1.0,0.8901030544384716,0.8534536162299432,0.9516079223355005,0.9157303973419018,0.8864290226701055
462,1.0,0.8165218069399273,0.671611237160365,0.9174095888495117,0.9183481161525654,0.8021603867509525
463,1.0,0.5771409721029043,0.6006154342245303,0.7707827922276349,0.6930351813796775,0.6235971959023706
464,1.0,0.8743584307233525,0.8129277682142141,0.8836000338493728,0.8950042433295302,0.8607634807556989
465,1.0,0.7662159455759371,0.7715533407038062,0.908640257883315,0.8433982779992142,0.7937225214263192
466,0.0,0.028271630839519227,0.08048912368519552,0.0,0.06053565908964044,0.05643213787145173
467,1.0,0.6914204604343158,0.7499735766405666,0.8886329762241041,0.7454278479292629,0.7289406283347151
468,1.0,0.783092477018946,0.5244293586779574,0.6250104288712666,0.6786277783401012,0.6620498713456682
469,1.0,0.37586142666733735,0.5181433711797142,0.4372441910475098,0.4672002258675127,0.4537350079048547
470,1.0,0.7917808401564193,0.6408715526033332,0.6205529487160474,0.6920192897558619,0.7082238941718715
471,0.0,0.006328055806314918,0.058705508561397425,0.06321733603380292,0.055099526490937745,0.04004436361955003
472,0.0,0.020818238279945254,0.0968655443752165,0.0,0.06053565908964044,0.059406480581600724
473,1.0,0.7748409128402086,0.6169859155700768,0.6094736902886986,0.757340935458671,0.7163892546229854
474,1.0,0.5110801625872808,0.29885288762277273,0.15882556888181715,0.3329418824442611,0.38095831088477156
475,0.0,0.5896761336669513,0.529156231955824,0.42953847807649354,0.5834657453501157,0.5674327036576302
476,0.0,0.8914771972871354,0.7797053871616468,0.9275913801803853,0.8423783374468448,0.8378536406318756
477,0.0,0.75473752864708,0.6489449697360024,0.8178107954185944,0.6911606239399962,0.6982810407743595
478,1.0,0.7422592890076859,0.6050544008736538,0.6932946045810768,0.657573380224585,0.6682956900353082
479,1.0,0.6994636325415668,0.576833168016196,0.5913246587039734,0.573800449091115,0.6166990832162926
480,0.0,0.026743270206265525,0.09499509096579084,0.0007029213483146068,0.06053565908964044,0.060758006753898926
481,1.0,0.8543763821274951,0.8027489769249604,0.9436989921134571,0.9309971458569446,0.8627075016364668
482,1.0,0.8866238088239635,0.7342052625653821,0.8673901199352717,0.9592487458411603,0.8600259390768352
483,1.0,0.89370501698195,0.7297252466071494,0.8592871659063342,0.781918420836104,0.8017828948084013
484,0.0,0.7936131038805417,0.6952792422896463,0.8373672820902149,0.6179212414854476,0.7022711958852118
485,1.0,0.8195569653122522,0.7208897764389798,0.9335894638143106,0.881299207348278,0.8072486496998367
486,1.0,0.7059720296681876,0.6795219771448775,0.6493248717937274,0.7862375138215976,0.7239105068782209
487,1.0,0.7938153558958997,0.60840728925978,0.6746617344418937,0.6301449769600457,0.6774558740385751
488,1.0,0.8169677186132996,0.6875292781191256,0.572042256715063,0.8365686272752969,0.780355208002574
489,1.0,0.6730066333876917,0.712242296184628,0.9031955964764325,0.9807961461326485,0.788681691901656
490,1.0,0.022229936453942518,0.10432738049760946,0.0004266230223677032,0.029971194334720515,0.0521761704287575
491,0.0,0.7848472644785002,0.6693976326955888,0.7450872751305865,0.763181919800712,0.7391422723249336
492,1.0,0.8284846400019749,0.7584735889828502,0.875858473278569,0.837263855877945,0.80807402828759
493,1.0,0.9685674233561793,0.8598683311645823,0.9012051483906014,0.908205665623515,0.9122138067147588
494,0.0,0.04219812186416241,0.06041453796220617,0.0,0.06053565908964044,0.05438277297200301
495,0.0,0.004670193785259288,0.0576215637978927,0.0,0.029971194334720515,0.030754317305957502
496,1.0,0.9022251528522485,0.8099722354463019,0.9395754661223925,0.8898064698755733,0.8673346193913746
497,1.0,0.7208335222775202,0.8032766966358182,0.8942019182617723,0.8999880482210539,0.808032755711464
498,1.0,0.9213173492086577,0.8066916056626404,0.7653166018916301,0.9472724718387283,0.8917604755700088
499,0.0,0.5857635033093562,0.6341042051010075,0.8331432407849458,0.6867155092176027,0.6355277392093222
500,1.0,0.59110720927022,0.5632634320606282,0.6306881726719302,0.5817603491379054,0.5787103301562512
501,0.0,0.008758800155852462,0.12448206528062068,0.0,0.033301234974714176,0.05551403347039577
502,1.0,0.9300016602617419,0.7520558992351601,0.8013497203205164,0.8679553732451124,0.8500043109140049
503,0.0,0.839934174154303,0.7925682730870679,0.8021369646486017,0.8892403917123715,0.840580946317914
504,0.0,0.8170180293313322,0.6677433858551854,0.8292198330726065,0.7141205886558011,0.7329606679474395
505,0.0,0.011457028505780264,0.06523856993910361,0.021053063403961306,0.029971194334720515,0.03555559759320146
506,1.0,0.8968078141189068,0.760978077749892,0.8681152378966859,0.8586326234342709,0.8388061717676899
507,0.0,0.6488597727541716,0.5367069643813808,0.7016008261740773,0.5998164822383277,0.5951277397912934
508,1.0,0.7727857899029005,0.7243551255524037,0.79860202290115,0.8536395080481965,0.783593474501167
509,1.0,0.7801608972039872,0.6929141285849607,0.9216013810256963,0.8214883339879181,0.7648544532589553
510,1.0,0.7794520121190487,0.7188320039237486,0.8352115669735891,0.8903345848621056,0.7962062003016342
511,0.0,0.01507774446024863,0.09595613602474323,0.019985196249655238,0.04531109369303728,0.05211499139267637
512,1.0,0.7900388928050043,0.4709537271482731,0.639508431354575,0.7436442617984235,0.6682122939172336
513,0.0,0.837681250872134,0.8416667633087971,0.9468848928325214,0.8951859486014981,0.858177987594143
514,1.0,0.4159471322671069,0.39359232616435014,0.2504052579099633,0.3991710853229953,0.40290351458481743
515,0.0,0.030679859727095877,0.11707689533459961,0.0,0.020090115393968037,0.05594895681855452
516,1.0,0.7199794058922702,0.8124913452962431,0.9144028228798904,0.8578479901709521,0.7967729137864884
517,0.0,0.5787560186980623,0.4362921104412932,0.4686606021001806,0.3324398497235106,0.4491626596209553
518,0.0,0.829253245637438,0.8438149851192067,0.802770388613246,0.881657125555691,0.8515751187707785
519,1.0,0.7742561331211031,0.7662885173385022,0.821294899646296,0.8854012630368722,0.808648637832159
520,0.0,0.6276438496418437,0.6443953394417987,0.6278932114084437,0.7635657496813497,0.6785349795883308
521,1.0,0.8644153476118049,0.6664070123071003,0.7576605480713914,0.8291106320639763,0.7866443306609604
522,0.0,0.014195688965212847,0.08378109471365452,0.0,0.029798951162690945,0.04259191161385278
523,1.0,0.6183410710534978,0.5737755114567915,0.6984926197866255,0.6281298169417548,0.6067487998173481
524,1.0,0.47196263433698105,0.4980748491669874,0.3597290289600505,0.454966700618013,0.4750013947073272
525,1.0,0.971200468628088,0.8606905052435184,0.9526316095919418,0.9008723433501502,0.9109211057405856
526,1.0,0.9164384740220551,0.7792706820986771,0.9543941893687302,0.9179010152984353,0.871203390473056
527,0.0,0.6455676741865958,0.4805351634319526,0.5226786227017682,0.4424375774378917,0.5228468050188133
528,1.0,0.8837263038026231,0.8282681466485434,0.9731156934824707,0.9161769018421145,0.8760571174310936
529,1.0,0.917951532885645,0.703709208730546,0.8277212435501056,0.8291345760364233,0.8169317725508715
530,0.0,0.009740816752061919,0.07388678678603453,0.0,0.06053565908964044,0.0480544208759123
531,1.0,0.9201231489918529,0.733159416123963,0.813764717005123,0.8755851965518316,0.8429559205558825
532,1.0,0.8826861457038205,0.8178387144693628,0.7826327540670399,0.9046660805478348,0.8683969802403394
533,1.0,0.2993722605827503,0.39624628968124503,0.3701953025060872,0.33737227673148723,0.3443302756651609
534,1.0,0.6305221335466245,0.4595149405953841,0.5014129877089787,0.6348309072577981,0.5749559937999356
535,0.0,0.006271196604676837,0.03818650018788984,0.0,0.029798951162690945,0.02475221598508588
536,1.0,0.6617509198015665,0.4552109362299741,0.3665992146455807,0.41516697717578055,0.5107096110691071
537,1.0,0.8633609321078395,0.7457752673967853,0.9069685042454688,0.8056326708517447,0.8049229567854566
538,0.0,0.5048279405057816,0.5119775582026777,0.5458994919097205,0.6879985374638223,0.5682680120574272
539,1.0,0.3568971496303176,0.37921575227331883,0.36168514204940133,0.39292312359578174,0.37634534183313945
540,1.0,0.639672193113783,0.6019640923825839,0.7679717774394736,0.568004161889622,0.6032134824619962
541,1.0,0.6284211556978095,0.6522863011677906,0.7002352401950703,0.5881119866420019,0.622939814502534
542,0.0,0.5734542286650178,0.584210343961349,0.6086924747985264,0.8310943687907082,0.6629196471390251
543,0.0,0.006343550217573274,0.08487662997231883,0.0,0.03697128109822978,0.04273048709604063
544,1.0,0.5812859324024562,0.5544727598883019,0.6278170606567777,0.6736905922212153,0.6031497615039911
545,1.0,0.8767049831771946,0.6220947677475884,0.8171389516130627,0.7137414080253687,0.7375137196500505
546,0.0,0.013140954811868447,0.0691040648011809,0.0,0.06053565908964044,0.04759355956756326
547,1.0,0.7326577538434405,0.5212717960475957,0.43493517646931185,0.8388242357483957,0.697584595213144
548,1.0,0.5053507333686039,0.3961768740849764,0.28595996104939214,0.3068888697270999,0.40280549239356006
549,1.0,0.8167950276162944,0.7644297607010353,0.7867368520256882,0.7970861373181356,0.7927703085451552
550,1.0,0.8122747686073856,0.5277437365024584,0.57856441809056,0.6956831543699813,0.6785672198266085
551,1.0,0.7189546933076405,0.7041063539675956,0.9040740701345729,0.8725183196002677,0.7651931222918346
552,0.0,0.7675354510271182,0.7451493352488187,0.8896985888078046,0.8940825959468944,0.8022557940742772
553,1.0,0.9038447107889105,0.6980066600020038,0.940497414776889,0.8374728572028964,0.8131080759979369
554,1.0,0.5116933469392398,0.5023289985083639,0.5162538545533568,0.5320411402563023,0.5153544952346354
555,1.0,0.7569089687081794,0.7249016377946197,0.7229754876577386,0.6980521028243545,0.7266209031090511
556,1.0,0.8165601663793085,0.7663772845297491,0.7475555393533649,0.8126886557371179,0.7985420355487252
557,1.0,0.6499892267079272,0.5233398861146763,0.6961215657816348,0.5606022885944609,0.5779771338056882
558,0.0,0.8120051187333445,0.6212390975745141,0.7761687305030746,0.6931571338594629,0.7088004500557737
559,0.0,0.01648859347445621,0.15260571282291624,0.002961544851923101,0.06053565908964044,0.07654332179567096
560,1.0,0.8932308136894797,0.7214168983791451,0.7213805980269603,0.9418229782071702,0.8521568967585984
561,1.0,0.8760164472908106,0.7627310397596138,0.706345272694185,0.8954951818238557,0.8447475562914266
562,1.0,0.6970952048850838,0.5977402799646736,0.5842993013364526,0.7404247650650665,0.6784200833049413
563,1.0,0.8685786672907376,0.7032671134968327,0.603349115549838,0.9043567351238029,0.8254008386371243
564,0.0,0.00674317182991014,0.07649416917436565,0.0,0.029798951162690945,0.037678764055655574
565,0.0,0.008943056342203074,0.04961218769288309,0.0004270520861739842,0.03702392833121523,0.03185972412210047
566,1.0,0.714459457205439,0.7118321211923826,0.8071852989431473,0.7298456382147535,0.718712405537525
567,0.0,0.01344892210044878,0.05773794388989506,0.0,0.01446678631437374,0.02855121743490586
568,1.0,0.7616804147014099,0.6436592855410942,0.6449368361154826,0.779562989411892,0.7283008965514653
569,1.0,0.862696064927565,0.7064741678331546,0.8730412687727436,0.7869618316738622,0.7853773548115273
570,0.0,0.8925354688815902,0.5685802948461496,0.7041045399767683,0.7120876929547092,0.7244011522274829
571,0.0,0.025575691246226943,0.09647998571096637,0.0,0.03362751788037567,0.05189439827918966
572,0.0,0.6703910599423132,0.549534745585176,0.6123787050732774,0.6812274352890438,0.6337177469388444
573,1.0,0.5225800342701935,0.5742399094183157,0.5793287715849647,0.6657537938676837,0.5875245791853976
574,1.0,0.8685282439649809,0.7112672409456529,0.7721084002263905,0.8636394202111194,0.8144783017072511
575,1.0,0.8484930885497585,0.695227736059611,0.6788688372557151,0.7503709744128164,0.7646972663407287
576,0.0,0.036896022985780805,0.17503670044447603,0.176019324372343,0.08165919238642116,0.09786397193889268
577,0.0,0.00942349971608253,0.12384601500831388,0.13106967468738767,0.03362751788037567,0.05563234420159069
578,1.0,0.8253613508483437,0.5622746225466396,0.588950167372905,0.7053960031443911,0.6976773255131249
579,0.0,0.05009426415685586,0.1562698332352209,0.0,0.04717856979257918,0.0845142223948853
580,0.0,0.45692713701605153,0.41186701785700264,0.2975020135314397,0.3694412775128997,0.4127451441286513
581,1.0,0.7699590638677282,0.6579418280060848,0.7809879661279563,0.790706617035813,0.7395358363032086
582,0.0,0.10202226664420032,0.25955270388561713,0.0,0.04254003032974486,0.13470500028652077
583,1.0,0.6386649353195486,0.6532106411274639,0.6297578116603316,0.7828248350420927,0.6915668038297017
584,1.0,0.7916815266139464,0.7082401425011242,0.8354447339657547,0.8839397730975379,0.7946204807375361
585,1.0,0.7843347144095107,0.7891707516047153,0.8605004222926546,0.8771238902481538,0.81687645208746
586,0.0,0.7336137922501299,0.6493630241271398,0.6871781046086304,0.8270924168569288,0.7366897444113994
587,1.0,0.5406067470273088,0.4040283685476764,0.39373595186307775,0.31028156413560837,0.4183055599035312
588,1.0,0.9245506559948822,0.7211271796731867,0.9279321976876558,0.8419214739125757,0.8291997698602148
589,1.0,0.7410101098259695,0.6686717306747673,0.7966839580387435,0.7969455542201481,0.7355424649069616
590,1.0,0.6144098170808729,0.6600712466666683,0.7477935682865099,0.6475255116882082,0.6406688584785831
591,1.0,0.6863825878074968,0.5756702467581246,0.6233814926102325,0.6744531975806995,0.6455020107154404
592,1.0,0.7059918452637741,0.7255776948691479,0.8688454217583811,0.6690003134941168,0.700189951209013
593,1.0,0.7741157810400016,0.612008980500328,0.521613431195125,0.758380714684127,0.7148351587414856
594,0.0,0.0006993784525829417,0.04258048013677087,0.0,0.029971194334720515,0.024417017641358108
595,1.0,0.8333469498186001,0.7633526485711185,0.8237863349542802,0.8654493294022905,0.8207163092640032
596,1.0,0.6061755572566523,0.5422936102030633,0.582724619312127,0.4937100734363113,0.5473930802986756
597,1.0,0.6555247511714384,0.6153773035011114,0.4459957440824381,0.755156447285146,0.6753528339858986
598,1.0,0.9306734498493404,0.8256595660950024,0.9075913415357134,0.871052394074257,0.8757951366728666
599,0.0,0.6675248907372932,0.7040219106815312,0.8594835498488146,0.8293280069691845,0.7336249361293362
600,1.0,0.8700158052139423,0.8301365123307943,0.9073784020968977,0.9145162354004462,0.871556184315061
601,1.0,0.9309542392618073,0.7083685316738246,0.7868266280589147,0.7706333536355582,0.8033187081903966
602,1.0,0.9214872857423207,0.7894886923822653,0.9483128413735258,0.8598494426752524,0.8569418069332796
603,0.0,0.8269902573110912,0.5521158510881656,0.7118953009202119,0.6832766708200025,0.6874609264064198
604,1.0,0.9362371974698589,0.7151377717155915,0.6793870797133545,0.843605391487203,0.8316601202242179
605,1.0,0.5749026784838221,0.5739526058797311,0.6690617572400626,0.6317246729041959,0.593526652422583
606,1.0,0.6109893311505366,0.5060235261289637,0.4836558167443335,0.50416009145353,0.5403909829110101
607,1.0,0.7601872667086373,0.4493060600985711,0.4276727089239852,0.4504923448687828,0.5533285572253305
608,1.0,0.7330488074610223,0.7710488953858318,0.8994560486438408,0.900317520251939,0.801471741032931
609,1.0,0.8751035296568682,0.8617069535101407,0.9788366788190297,0.9269586832516234,0.8879230554728775
610,1.0,0.9121034486335963,0.812955086346596,0.9467326913615726,0.9165462037825339,0.8805349129209087
611,1.0,0.5770544134586056,0.5526383093446222,0.5903244858617239,0.6270273322874672,0.5855733516968984
612,1.0,0.9154035263448121,0.8804101563410464,0.952924002940528,0.9108307047493811,0.9022147958117466
613,0.0,0.0023297531252599074,0.06153543795700107,0.0,0.029971194334720515,0.03127879513899383
614,1.0,0.6025450208525751,0.7089168804989971,0.7337766032798929,0.8520303293509658,0.7211640769008459
615,1.0,0.9239632215816375,0.8854223524928524,0.9803874011179698,0.9427069757887387,0.9173641832877428
616,0.0,0.02205783605717407,0.09674489558558674,0.0007029213483146068,0.06008756638093242,0.059630099341231084
617,1.0,0.9561785409359866,0.8024794080322333,0.8909138959933836,0.8989339385173837,0.8858639624952013
618,1.0,0.859380581326361,0.8247749777501737,0.9422574819226226,0.892445094620299,0.8588668845656112
619,1.0,0.8493226877447891,0.8113428095403874,0.9172102633694358,0.8967799722072245,0.8524818231641337
620,0.0,0.5027892365514436,0.6281554169351559,0.7090251462084894,0.6452616413395781,0.5920687649420592
621,1.0,0.875827563937258,0.8030946902707562,0.763323091781831,0.913581948931931,0.8641680677133151
622,1.0,0.9390895497173971,0.8542898404130006,0.844850369041771,0.95196752242639,0.9151156375189292
623,1.0,0.9203196688819258,0.7958108706105045,0.954242389120349,0.9451353502326741,0.8870886299083681
624,1.0,0.8451391688263913,0.8302582738466028,0.8130959995577232,0.6858909481759464,0.7870961302829801
625,1.0,0.8246500907798692,0.7343999361139985,0.7386694182432529,0.8567986577688336,0.8052828948875671
626,1.0,0.5604160920753093,0.6608499568351413,0.6945480512603968,0.7580756848935535,0.659780577934668
627,0.0,0.7018503761956189,0.5529084262143502,0.6577980048656824,0.637808173506059,0.630855658638676
628,1.0,0.9573911492786171,0.7995275314112592,0.9308154770067536,0.8520714649445089,0.8696633818781283
629,0.0,0.7810648043794672,0.6658615228811898,0.6009631453022701,0.7012642113166089,0.7160635128590886
630,1.0,0.6712357941888749,0.5940673579186594,0.7454232182607704,0.7307786993531405,0.6653606171535583
631,1.0,0.7361440211018201,0.7079684026244712,0.6281179126105155,0.6846490456209053,0.7095871564490656
632,0.0,0.7457510197131988,0.5673433484276054,0.5269852678878627,0.7350467854693425,0.6827137178700489
633,1.0,0.7368571191278904,0.7067014393904568,0.6805140866468385,0.9148533751884682,0.786137311235605
634,1.0,0.7882382890708234,0.8212600335160566,0.9219430884169387,0.9471912346201826,0.8522298524023543
635,1.0,0.847237421920479,0.6864282144381282,0.8230706718241626,0.8672048042390572,0.8002901468658882
636,0.0,0.034283591628858835,0.06104818185859948,0.0,0.03362751788037567,0.04298643045594466
637,1.0,0.5677924191898428,0.527675545672903,0.5933538974215219,0.6007624833133475,0.565410149392031
638,1.0,0.9124286852275013,0.8245544137426066,0.9792209572673812,0.9165974848914116,0.8845268612871732
639,1.0,0.6845992088110664,0.7125895240600559,0.8974329996422191,0.8491143119967532,0.7487676816226253
640,0.0,0.015575508077723238,0.060944952945811384,0.0,0.01276931111214419,0.0297632573785596
641,0.0,0.012203524977896183,0.15557406490358297,0.0007032374100719424,0.04254003032974486,0.07010587340374135
642,1.0,0.9294748089905435,0.698733682782225,0.7944677107018294,0.8311027269195606,0.8197704062307763
643,1.0,0.26182877727029125,0.21468388916709247,0.16193714935574938,0.23010827208452367,0.23554031284063578
644,1.0,0.4093412691431913,0.7021137852759094,0.77043149324246,0.8600390116462391,0.6571646886884466
645,0.0,0.004376732310695734,0.07744577732717571,0.0,0.029971194334720515,0.03726456799086399
646,1.0,0.7793493190626909,0.7632041352616102,0.8467459149864203,0.8996931958746521,0.8140822167329844
647,1.0,0.8939945903507502,0.8381148409967846,0.9653204113209741,0.9510889133176792,0.894399448221738
648,0.0,0.39980971152790556,0.5798764021372578,0.600924635946588,0.6917693109426037,0.557151808202589
649,0.0,0.054526321313022326,0.05801256397257849,0.0,0.029798951162690945,0.04744594548276392
650,1.0,0.6126796354874757,0.47761253472065057,0.4641103477320491,0.37520849400840184,0.48850022140550936
651,1.0,0.5738121490076373,0.5575813473045451,0.4084205631932394,0.597594759800523,0.5763294187042352
652,0.0,0.018651331819358182,0.050586939199455346,0.0,0.029798951162690945,0.033012407393834826
653,0.0,0.6278816440231235,0.46981339138990114,0.5505208473179134,0.7115436011221984,0.6030795455117409
654,1.0,0.675271563891788,0.41130870937077696,0.3544306874148158,0.4612716460206992,0.5159506397610881
655,1.0,0.8436678276334801,0.6650134271135226,0.8608051253539337,0.829200359159753,0.779293871302252
656,1.0,0.7836466634627193,0.5695012895243604,0.6597007179236699,0.6610248507093667,0.6713909345654822
657,1.0,0.6990558864607047,0.5241390298552635,0.6054440334398198,0.6066167482617261,0.6099372215258981
658,0.0,0.006307259671134312,0.06648685420825227,0.0,0.029798951162690945,0.03419768834735918
659,1.0,0.8704525128640295,0.7927046372639995,0.8892872405295873,0.8406959239349718,0.8346176913543335
660,0.0,0.8455022632113585,0.8014810983351682,0.875157997300773,0.9382127876842208,0.8617320497435825
661,1.0,0.6696240776143448,0.7183284317452017,0.8698796454487454,0.7494116000541763,0.7124547031379076
662,1.0,0.6224946642982437,0.706184522080515,0.7785159199297575,0.685305390833479,0.6713281924040793
663,1.0,0.6985341175723213,0.6830135766481401,0.8413758927497687,0.7802259263001544,0.7205912068402053
664,1.0,0.6903209543497995,0.6524911109781582,0.6929542110631373,0.8113713680264922,0.7180611444514833
665,1.0,0.794099952375266,0.6112830588876114,0.777321502649174,0.7292671685316846,0.7115500599315207
666,1.0,0.9627056580350764,0.8676153085386601,0.8772280984622598,0.8949536278270348,0.908424864800257
667,1.0,0.6717431441013759,0.6279169401804167,0.6033427145465282,0.732210364537375,0.6772901496063892
668,1.0,0.8861679436565012,0.7563354493909871,0.8489535866442705,0.8382063009335138,0.8269032313270007
669,0.0,0.7782570254595734,0.695079261198674,0.5319745181810643,0.8717292939725685,0.7816885268769386
670,1.0,0.9052903650807939,0.7284058181158819,0.9152730447075611,0.8917231321883566,0.8418064384616776
671,0.0,0.8182519877578603,0.6260367715939376,0.7373693647531839,0.6988578076418607,0.7143821889978862
672,0.0,0.7419837504671937,0.641341308537302,0.6758743169053609,0.7165436088639331,0.6999562226228097
673,0.0,0.006233288683335146,0.0690834482890965,0.010290477252398516,0.016121478940027606,0.030479405304153082
674,1.0,0.5928120546487854,0.5279668858746764,0.5160730142662188,0.37475887089736903,0.4985126038069436
675,1.0,0.7198538105026864,0.5707980022027399,0.7404827219930449,0.6975289407603757,0.662726917821934
676,1.0,0.6645201723838126,0.5860092598370508,0.4963877790861841,0.6333548166990125,0.6279614163066253
677,0.0,0.8840326496472212,0.6073224483214865,0.7253395349852994,0.7560631832231096,0.7491394270639392
678,0.0,0.021608522806921108,0.060792659502369596,0.0,0.03362751788037567,0.03867623339655546
679,1.0,0.9509156627128409,0.8204084043459566,0.9777578276826214,0.8758615704941403,0.882395212517646
680,1.0,0.856482419320285,0.772733394602722,0.8535062549565017,0.8883804326859064,0.8391987488696379
681,1.0,0.8815993727647123,0.8206835021435537,0.9243685287494136,0.8052946114588798,0.835859162122382
682,0.0,0.01641589456827165,0.07838919436797313,0.0,0.02546408647908001,0.0400897251384416
683,0.0,0.01854936953994554,0.11655393033514397,0.021049447525708802,0.08187738798188895,0.07232689595232615
684,1.0,0.6759457905370343,0.7226647389348909,0.8267939154041413,0.8453668805468019,0.7479924700062424
685,0.0,0.007177527523042409,0.0878852451003645,0.0,0.06053565908964044,0.051866143904349106
686,0.0,0.5589141577416726,0.6419706348369667,0.49422547317159155,0.706319159379242,0.6357346506526271
687,1.0,0.8182095239350206,0.7152418037728956,0.880718060976342,0.7585341466419289,0.763995158116615
688,1.0,0.8021183993486073,0.720284282045727,0.764452385673088,0.8696319579222299,0.7973448797721882
689,1.0,0.5610952734891365,0.5590525239126722,0.5896483358075635,0.7536912603757457,0.6246130192591849
690,0.0,0.010509764784055534,0.11786118945387894,0.0,0.05108103038271163,0.059817328206882035
691,1.0,0.9272402629055814,0.8799937909110782,0.9484081797176179,0.9456949056749302,0.9176429864971967
692,1.0,0.4584986538555818,0.4750951491011925,0.5857771994784196,0.665223148282325,0.5329389837463664
693,0.0,0.8788355040751612,0.6555333054041749,0.7620753773121659,0.78337813697107,0.7725823154834687
694,1.0,0.9704075746933903,0.9196215630937425,0.9879632473661788,0.9476096477134419,0.9458795951668583
695,0.0,0.028612516394794514,0.08552405471975595,0.0,0.08187738798188895,0.06533798636547981
696,1.0,0.902092753491255,0.628283061057458,0.7665656882408234,0.7796580506769062,0.7700112884085396
697,1.0,0.9216436926967344,0.7534233246072058,0.890204237858794,0.9258931204168617,0.8669867125736005
698,1.0,0.9563796457859858,0.8852760450033809,0.9349825173393395,0.9214647682574262,0.9210401530155976
699,1.0,0.8295034907346623,0.7391294590209371,0.8779785017322967,0.8188640737308274,0.7958323411621423
700,1.0,0.8592300756533979,0.7938716949698987,0.8880022222411722,0.8819252396031305,0.845009003408809
701,0.0,0.017060253157700187,0.07253770600300342,0.0,0.03362751788037567,0.041075159013693095
702,1.0,0.8527889860017619,0.6173409493785743,0.8766690966446713,0.8289720738481342,0.7663673364094902
703,1.0,0.6041484549679518,0.5840547429719987,0.8347352182359072,0.8295538168183367,0.6725856715860957
704,1.0,0.8392197479494972,0.6962955406850476,0.8786777836612742,0.8822905423559936,0.8059352769968461
705,1.0,0.6904089949057562,0.5510327089699023,0.6673415075031358,0.721113836354831,0.6541851800768298
706,1.0,0.025897250805124707,0.1039389368917572,0.005579736164586608,0.033848932227272706,0.05456170664138487
707,0.0,0.7027750322211016,0.6093522376957171,0.6522534160212781,0.8092446375998827,0.7071239691722339
708,0.0,0.34321911054752224,0.2514198891591484,0.32874847365415516,0.4556330436576438,0.35009068112143815
709,0.0,0.8315268858669632,0.6790722631661487,0.7759054424869325,0.8553664340622043,0.7886551943651053
710,1.0,0.8092967008462716,0.7415668801533526,0.7607218651093555,0.912077644395046,0.8209804084648901
711,0.0,0.8940305305261463,0.6658282776791162,0.7990863346627775,0.8483924660670722,0.802750424757445
712,1.0,0.7770970192297617,0.757099239690475,0.8468269965377935,0.9305739495479223,0.8215900694893863
713,1.0,0.9353484652950464,0.7960470134569461,0.8737613476044211,0.9104887733831807,0.8806280840450578
714,1.0,0.20782606444898843,0.4804791241969676,0.6105869386072355,0.4188719964503302,0.36905906169876207
715,1.0,0.6510075264070874,0.5720277335699883,0.7270497174043973,0.7541913365058257,0.6590755321609671
716,0.0,0.9129583097468201,0.7815855269834564,0.8323632177389421,0.7944337114982368,0.8296591827428378
717,0.0,0.4317191025517383,0.5074318986810339,0.4826022849161911,0.4514197026527242,0.46352356796183214
718,1.0,0.8201508111796147,0.5284982194671834,0.5214314775117198,0.771927425536687,0.7068588187278285
719,1.0,0.8670116182007132,0.638931679070858,0.6056048307871479,0.8930136255858566,0.7996523076191426
720,1.0,0.2728744282011424,0.316739984412088,0.15631070977958422,0.4041193656064994,0.3312445927399099
721,0.0,0.01078805365939583,0.06713449658630069,0.0,0.03362751788037567,0.037183356042024066
722,1.0,0.6592348577853266,0.6510269650782098,0.8091813499526974,0.7809925782690567,0.6970848003775311
723,1.0,0.8523611192372641,0.8083931516701303,0.949416667910318,0.8451938307170089,0.835316033874801
724,1.0,0.9490208956715963,0.8739965355895749,0.9796591618160334,0.9116826178948113,0.9115666830519942
725,1.0,0.9338912389628766,0.836141048604904,0.9572682176007035,0.9195393924867505,0.8965238933515104
726,0.0,0.796976664645189,0.6906085137655953,0.8526706149680978,0.7892640462961031,0.7589497415689624
727,1.0,0.8872127726927407,0.8688010075288044,0.93253329561651,0.9458763388690091,0.9006300396968515
728,1.0,0.6770708642164203,0.64709309921989,0.816879659219339,0.7073904928677421,0.6771848187680174
729,0.0,0.10223420840939687,0.1657234865004073,0.021956627914980074,0.08187738798188895,0.11661169429723105
730,1.0,0.8088611543226996,0.7184283595014546,0.8108750950267372,0.8629753250057667,0.7967549462766402
731,0.0,0.6731640588884544,0.6836749291515222,0.7633214650087894,0.7345584101629503,0.6971324660676422
732,1.0,0.7774077594472438,0.6982713405263794,0.719109091372999,0.8141595100451566,0.7632795366729267
733,0.0,0.02044166202303579,0.0830378728789663,0.005220168355531594,0.06053565908964044,0.05467173133054751
734,1.0,0.8020922467182928,0.6612067898950369,0.8032329413051053,0.8566341569575614,0.7733110645236304
735,0.0,0.012292487644145304,0.11435870923700872,0.0,0.029798951162690945,0.05215004934794832
736,1.0,0.8133675888800366,0.7603536424767167,0.9678624648591597,0.7677525229707999,0.7804912514425176
737,1.0,0.6649402458665458,0.5320548265267623,0.5496330206775226,0.6919256393206693,0.6296402372379925
738,1.0,0.8221638615493745,0.675760695100308,0.7150287708075811,0.686684897130519,0.7282031512600672
739,0.0,0.48882253536186665,0.4290548273866533,0.3991523164630407,0.4311469234378612,0.4496747620621271
740,0.0,0.7915099054424968,0.7176378455384306,0.8752452853180469,0.8469437603435338,0.7853638371081537
741,0.0,0.01076134564422,0.0538919781715181,0.0,0.04257825389194307,0.035743859235893724
742,1.0,0.9033022966678989,0.6399809721579868,0.7877061548110142,0.8520204676973443,0.7984345788410766
743,1.0,0.7428029274872074,0.6727617002305196,0.766491407799996,0.7933986658048552,0.7363210978408606
744,1.0,0.672486249740721,0.8013338494499989,0.9010431447065919,0.9495022122259843,0.807774103805568
745,1.0,0.777855819721004,0.6251732267377125,0.6443637945317608,0.7942655945951095,0.732431547017942
746,1.0,0.5228361402600081,0.5908474126163618,0.6516296534295365,0.7124882352855907,0.6087239293873202
747,1.0,0.9035868812216425,0.850675228445985,0.9726055222047163,0.8909949051609652,0.8817523382761975
748,1.0,0.7486788159194286,0.6577334981646132,0.6847066310985004,0.7523558089574659,0.7195893743471693
749,1.0,0.9166109500328883,0.7985021449550126,0.9027454401683609,0.8925129724430121,0.8692086891436377
750,1.0,0.9444119217978306,0.8399444502115547,0.9340662847246282,0.8652096911621363,0.8831886877238405
751,1.0,0.7641465800054781,0.6602429597516438,0.7963730422902036,0.5689890273229128,0.6644595223600116
752,1.0,0.6850932313144346,0.6848630288562759,0.7420770122207959,0.6577263922464825,0.6758942174723978
753,1.0,0.8000787994077654,0.6820270113484824,0.8994571427824047,0.7844988092999252,0.7555348733520577
754,1.0,0.8461666639917806,0.8381483489052332,0.8841430000914009,0.915195460889969,0.8665034912623275
755,0.0,0.5152532763388276,0.5305354125939625,0.5060341887697274,0.6384655197292296,0.5614180695540065
756,1.0,0.7751208530955624,0.7149208798639052,0.8126599111092184,0.8726900811579421,0.7875772713724699
757,1.0,0.8289176206360895,0.6994985259321609,0.5238084834036053,0.8003902070210213,0.7762687845297572
758,1.0,0.8944876408901954,0.8479578790732457,0.7889001352158443,0.926333892103627,0.8895931373556895
759,1.0,0.8584809992087009,0.8732692218032092,0.959726585107785,0.911229949188284,0.8809933900667314
760,1.0,0.7550260944680715,0.472358996222308,0.35137461964973526,0.5198029654989506,0.5823960187297766
761,0.0,0.7176311368804007,0.641638354958454,0.5238001380390885,0.7775323929720716,0.7122672949369754
762,1.0,0.7390044275856706,0.5304530726490642,0.47785356044023836,0.512064205409574,0.5938405685481029
763,1.0,0.3339293931797878,0.35922890944722363,0.4759298092156892,0.35345899560030614,0.34887243274243923
764,1.0,0.7462204736869882,0.6594575814552303,0.7654947219058446,0.7921875991696304,0.7326218847706163
765,1.0,0.9480510634534357,0.7040853494603198,0.85027482551784,0.8285658100437066,0.8269007409858208
766,1.0,0.9193199702690971,0.8123217278103116,0.9632828121453143,0.9196740998977754,0.8837719326590614
767,1.0,0.820332409600734,0.6955065767962251,0.9013306950729028,0.779876310638613,0.7652384323451907
768,1.0,0.6738955698433495,0.6691817675550372,0.7823221225556235,0.8353712084218712,0.7261495152734193
769,1.0,0.6473033284857495,0.5083173193043647,0.5760453178863499,0.5492886135876272,0.5683030871259137
770,1.0,0.7468514833501183,0.7922212346619066,0.8827573507387019,0.8942558673488078,0.8111095284536111
771,1.0,0.6354363931932172,0.625122352576179,0.7030365050409436,0.8588841865100657,0.7064809774264873
772,0.0,0.02101819758070759,0.1102340001334562,0.0,0.06053565908964044,0.06392928560126808
773,1.0,0.6655771776030976,0.5329832097649476,0.6432396550191296,0.5758422455666686,0.5914675443115713
774,1.0,0.7817293672228296,0.6647709016582054,0.6946588961501884,0.7812028148326777,0.7425676945712375
775,1.0,0.6880567686340248,0.5649597266494559,0.6677827848364548,0.7733573707790535,0.6754579553541781
776,1.0,0.7763592116739385,0.6979942592654416,0.8612483638950443,0.8519183473147803,0.7754239394180535
777,1.0,0.698815603737834,0.6220753899579701,0.7275031217121481,0.7330487678262532,0.684646587174019
778,0.0,0.023414397060804722,0.15942559521624275,0.0,0.04254003032974486,0.07512667420226411
779,0.0,0.0026145868284134653,0.07401214519744556,0.00381966901885324,0.029798951162690945,0.03547522772951666
780,0.0,0.006445686138038022,0.08534224807981605,0.0,0.011885320021308148,0.034557751413054075
781,0.0,0.006236414494892094,0.07999095848144863,0.09015943636430447,0.040273643375717004,0.04216700545068591
782,1.0,0.8090361353556543,0.7218558606122722,0.9351082361107668,0.7579741648541093,0.7629553869406788
783,0.0,0.005327820081599123,0.05266445692953934,0.006808734581248433,0.029971194334720515,0.029321157115286326
784,1.0,0.8823092339101818,0.756534352030212,0.8734101271630629,0.8089161645913664,0.8159199168439201
785,1.0,0.7259623550728873,0.494045437954323,0.5596215720926995,0.4378754511101231,0.5526277480457779
786,0.0,0.013968441865069915,0.047169127745362235,0.0,0.03362751788037567,0.03158836249693594
787,0.0,0.006594353447832,0.10496709250436793,0.0,0.06053565908964044,0.05736570168061345
788,1.0,0.8699540929537801,0.8558387977943458,0.9100220620986849,0.9442573485255186,0.8900167464245481
789,0.0,0.09862775838792688,0.21312447959383385,0.20397926970888103,0.04782394515237959,0.1198587277113801
790,1.0,0.8576628054741502,0.6475654845763149,0.7353942573165025,0.837947504685254,0.7810585982452398
791,1.0,0.6080022761079419,0.619734534810458,0.6149691447398727,0.6749735218429381,0.6342367775871126
792,0.0,0.012045575397448357,0.08411097998265159,0.2796655008505478,0.04021746769501113,0.04545800769170369
793,1.0,0.7951812883180421,0.6678464923937196,0.7997188961175324,0.8035345758439271,0.7555207855185629
794,1.0,0.9551754213289888,0.8015015515949212,0.8470532718020101,0.8827909484287563,0.8798226404508888
795,1.0,0.7876399403287763,0.6586375972350713,0.6419361828804995,0.7653937433087011,0.7372237602908496
796,1.0,0.8284296209520176,0.6630646348925104,0.7176856490777055,0.7810928665592767,0.7575290408012681
797,0.0,0.0164970050898291,0.0860981331038476,0.011696319949027728,0.06053565908964044,0.05437693242777238
798,1.0,0.7000403346896673,0.6021295261930717,0.7198549947227261,0.825561245073782,0.7092437019855069
799,1.0,0.7204301314165368,0.6050146942289347,0.5926494239092844,0.6961256344401987,0.6738568200285567
800,0.0,0.5444985088378894,0.46014598181548266,0.5678883936031707,0.5047437878385024,0.5031294261639582
801,0.0,0.9706272099539602,0.8251556707075508,0.9314369607758624,0.944711712100454,0.9134981975873218
802,1.0,0.8942947337890239,0.8336183574949562,0.9098866928860546,0.8962088651032165,0.8747073187957323
803,1.0,0.8353884033311315,0.7537843065331031,0.9273103616380941,0.8732344742841769,0.8208023947161371
804,1.0,0.9184402568473516,0.8904899074365418,0.9744718473374856,0.9323795029646591,0.9137698890828508
805,1.0,0.9138330123938527,0.7762827519691161,0.8465581011773735,0.8370555533657201,0.8423904392428962
806,1.0,0.8237887225720452,0.7481685019257986,0.6949407815280239,0.7699180558422011,0.7806250934466816
807,1.0,0.8240192782937695,0.8096784397455157,0.953254526982978,0.8704429050239562,0.8347135410210805
808,1.0,0.7699821160891439,0.757765458040424,0.8937286968120155,0.8159328973993615,0.7812268238429764
809,0.0,0.5731285236263873,0.6105349863893162,0.8263367171002347,0.7215723624488724,0.6350786241548586
810,1.0,0.7919398512326417,0.6144872218754018,0.7015194128507075,0.7948870211839384,0.7337713647639941
811,1.0,0.8598015949376462,0.6563197277314623,0.7184543026603354,0.7169015338676472,0.7443409521789186
812,1.0,0.798484306541321,0.6887832002573439,0.693476269706052,0.8617778522782036,0.7830151196922895
813,1.0,0.8345700611924884,0.7777627837486771,0.8307315117055086,0.9084827000589988,0.8402718483333881
814,1.0,0.8978483527131758,0.8136194093669827,0.8205901217542254,0.907380240998661,0.8729493343596065
815,1.0,0.8453798636002494,0.553728729394941,0.6009689355243734,0.7442713116569252,0.7144599682173718
816,1.0,0.7753301054155632,0.6556447398538536,0.7987880915062212,0.7636133347875993,0.7315293933523387
817,1.0,0.7329806927266611,0.6423020987396119,0.7871878602131144,0.7702471729627078,0.7151766548096603
818,1.0,0.7385528842100182,0.6721632483672312,0.5892684420314829,0.8071340525763262,0.7392833950511918
819,0.0,0.5487644955842528,0.5673045932546029,0.6746993516353925,0.5343931139514508,0.5501540675967689
820,0.0,0.6952729216052798,0.6348867691757225,0.5658147854363454,0.7907734987067898,0.706977729829264
821,1.0,0.8446258369776776,0.7979232281505317,0.8354915948658397,0.9441038622349819,0.862217642454397
822,1.0,0.7476227389141229,0.6058641047439197,0.6515392003742586,0.7849005352035573,0.7127957929538667
823,0.0,0.8372685319801103,0.6992553570697086,0.8109620033177491,0.8500535846807449,0.7955258245768547
824,1.0,0.8992074655590215,0.8471414105613984,0.9659743393806836,0.9093619257483446,0.8852369339562549
825,1.0,0.7980452497313321,0.5898494077500284,0.7791194272153293,0.6666259146986023,0.6848401907266543
826,1.0,0.5835644333464595,0.5657104901208652,0.5697249929014954,0.5606880350825616,0.569987652849962
827,0.0,0.8704786185764385,0.753336254589871,0.7801315858459099,0.852287940630346,0.8253676045988851
828,1.0,0.810023708868637,0.773174168281853,0.8882492466566243,0.8755819849059766,0.8195932873521555
829,1.0,0.9593575621439473,0.7385556340861815,0.5959352245166177,0.8553688009865631,0.8510939990722307
830,1.0,0.8416217865682201,0.7147691025324522,0.7585653040918313,0.7855411949627128,0.7806440280211283
831,0.0,0.3708217798086661,0.35842946306907664,0.2492811620419107,0.3425080860163826,0.35725310963137513
832,1.0,0.6915782046941118,0.41484415814753517,0.6049529428515288,0.6855604010252077,0.5973275879556182
833,0.0,0.6502687447081974,0.49349393557747817,0.6059163918446514,0.5763677709145528,0.5733768170667428
834,0.0,0.8524643464605095,0.7017218598321844,0.9232326332942438,0.786390900115229,0.780192368802641
835,0.0,0.7478800897774317,0.7548377811559576,0.7661373048971283,0.8595105406856823,0.7874094705396906
836,0.0,0.02319165536453331,0.18429730567167482,0.007765822228622731,0.033848932227272706,0.08044596442116027
837,0.0,0.7942676256197192,0.727836657388972,0.8567870483070973,0.7711356710778671,0.7644133180288527
838,1.0,0.8760373098759903,0.6230916151972241,0.8358466521427165,0.8369046695148791,0.7786778648626979
839,0.0,0.004573589183134001,0.08453054641930503,0.0007029213483146068,0.024666318481402317,0.037923484694613784
840,0.0,0.022677698270450606,0.15537207812542628,0.0007029213483146068,0.08187738798188895,0.08664238812592195
841,0.0,0.7461078734448424,0.5939172982361125,0.6861719142577645,0.8195102051426965,0.7198451256078838
842,1.0,0.9143992349724258,0.7530437195572013,0.9270164145722543,0.8773052107007299,0.8482493884101191
843,0.0,0.6586959870928283,0.4998083342198009,0.6011333101234483,0.6058530474247333,0.5881191229124542
844,0.0,0.0035269405410236817,0.058386278852915974,0.0,0.06053565908964044,0.04081629282786003
845,0.0,0.9221138677088299,0.8264465172989247,0.9725498213414365,0.9651077893552277,0.904556058120994
846,1.0,0.8111211896712357,0.7671672422839738,0.5438012558661511,0.8409052220484154,0.806397884667875
847,1.0,0.7764832527950543,0.6402872345309458,0.7958671009169566,0.7159129797381799,0.7108944890213934
848,1.0,0.8097816991715714,0.6356174369517887,0.8499340125083827,0.7603968733976724,0.7352653365070108
849,0.0,0.6768886630421503,0.5978661759848654,0.5926818084319627,0.5336965400804161,0.602817126369144
850,0.0,0.004607178580911002,0.04587499212715735,0.0,0.029971194334720515,0.02681778834759629
851,1.0,0.9267783208359126,0.8528196454873107,0.8929130067405144,0.9371704095873145,0.9055894586368459
852,1.0,0.6270728735788902,0.5668159305572061,0.6208100931446737,0.6855257810428135,0.6264715283929699
853,0.0,0.8437641187901741,0.5534328218946901,0.6481276261168982,0.6533866556707228,0.6835278654518623
854,0.0,0.05447896067465019,0.1133992564223022,0.0,0.029971194334720515,0.06594980381055764
855,1.0,0.8564013226988679,0.7868337408283014,0.8907273954945379,0.9048228472201537,0.8493526369157743
856,0.0,0.0019339223999591747,0.0580831023060073,0.0,0.029971194334720515,0.02999607301356233
857,1.0,0.9678657228483307,0.7932142977171446,0.9235404172856485,0.8793968655681984,0.8801589620445579
858,1.0,0.8133737340422863,0.6737736341239103,0.6832552554078501,0.7739002694735176,0.7536825458799048
859,1.0,0.8739396925140606,0.8014977656571793,0.8357231196001078,0.8590463530518863,0.8448279370743753
860,1.0,0.8842470601978858,0.7174769826435206,0.9174335519103815,0.8425784807570345,0.8147675078661468
861,1.0,0.6331510270163838,0.5904631981994712,0.7774554397251151,0.6581913134272271,0.6272685128810275
862,1.0,0.9095649286039134,0.8664932258382899,0.9307365443062037,0.980163502593602,0.9187405523452684
863,0.0,0.019014457586140083,0.1030508785657147,0.0,0.029971194334720515,0.0506788434955251
864,1.0,0.5745353439461472,0.5905739415399691,0.5667993932977712,0.549917791144253,0.571675692210123
865,0.0,0.002971901968890091,0.07868609377327723,0.0,0.03986377331453615,0.04050725635223449
866,0.0,0.034234027402338565,0.10248617600117908,0.0,0.08187738798188895,0.07286586379513553
867,1.0,0.9873676644143965,0.8919158133638762,0.9899461532097696,0.9229222390292936,0.9340685722691887
868,0.0,0.005108327332465618,0.04205238500765284,0.0,0.012906506999526918,0.02002240644654846
869,1.0,0.8125094127157785,0.48627057048566064,0.27018914264777233,0.709449264290733,0.6694097491640574
870,0.0,0.5422474484103349,0.42499100952252844,0.35650514294067204,0.4575450050915577,0.4749278210081404
871,1.0,0.6714282379539604,0.45719003506567935,0.5865543225382169,0.5128369565016605,0.5471517431737668
872,0.0,0.9182993319509891,0.775346302329337,0.9121663860007472,0.8972070860862121,0.8636175734555128
873,1.0,0.9184886020691708,0.8726564047839892,0.954451803252657,0.9168099063533458,0.9026516377355019
874,0.0,0.5407423701732349,0.4926311435579121,0.43571508392088,0.42339330961369964,0.4855889411149488
875,0.0,0.7298707908287039,0.6652902681883041,0.7223164285960855,0.7913808472468801,0.7288473020879627
876,1.0,0.7273951136703586,0.5503044311103512,0.4994510417602386,0.5489836444530666,0.6088943964112588
877,1.0,0.7905617893866557,0.6880319892735604,0.7932879218994136,0.8933592856552047,0.7906510214384737
878,1.0,0.6656748274800406,0.6666715575192823,0.8289161498389643,0.7544821116170742,0.6956094988721323
879,1.0,0.9243434576229848,0.801699922879856,0.8816628630581623,0.9004372243266705,0.8754935349431704
880,1.0,0.8399422212959357,0.674491106511339,0.6681816476580168,0.7755994116549707,0.7633442464874151
881,1.0,0.8725745124610403,0.8449541656691696,0.9308721298324152,0.9246092859407636,0.8807126546903246
882,1.0,0.7451866098597876,0.7340116258916382,0.7680167709063918,0.7317809468586948,0.7369930608700401
883,1.0,0.927873292989945,0.7195059538961912,0.7652765213312259,0.9312478028795045,0.8595423499218803
884,1.0,0.5619668433312527,0.42186896324754786,0.4200014805854155,0.5369844740777623,0.5069400935521876
885,1.0,0.859708507452585,0.7366834645461438,0.9563662743163897,0.757836579760704,0.7847428505864776
886,1.0,0.9256621739848588,0.688746808737508,0.7961856006452636,0.868577805003613,0.8276622625753266
887,1.0,0.86944428686722,0.8175339074781247,0.9280311180792331,0.9075126868549763,0.8648302937334403
888,0.0,0.6980428021682815,0.5370768591053657,0.5925437456957878,0.6024785319096658,0.6125327310611044
889,1.0,0.7950872824207877,0.7645172962819063,0.8785587428075702,0.8550498227852055,0.8048848004959664
890,1.0,0.889779912889599,0.742424502790438,0.7749847334251756,0.9253879241095517,0.8525307799298628
891,1.0,0.8468909625962825,0.6911452055714992,0.9243306476529525,0.7697271195011298,0.7692544292229705
892,1.0,0.6088451927577663,0.5049870515957461,0.5573475281671068,0.6578747390635628,0.5905689944723583
893,0.0,0.521473817408361,0.4183987151224452,0.5980716376043084,0.34173695227439915,0.4272031616017351
894,0.0,0.398521428592704,0.44457353931128085,0.5111760778917823,0.3707517375306095,0.4046155684781982
895,1.0,0.6835874875809437,0.7194433879613237,0.841892078391149,0.7986775873378765,0.733902820960048
896,0.0,0.5346325623135204,0.48916523357172825,0.29036313411463216,0.4443809997466293,0.48939293187729266
897,1.0,0.7629076540629683,0.679083979100435,0.7455466913825473,0.8249591088210141,0.7556502473281391
898,1.0,0.969082648526036,0.7691474275954855,0.9183253190617405,0.8730131271103263,0.8704144010772826
899,1.0,0.7381820814502804,0.7472665871416236,0.8500529221451432,0.9343001763765326,0.8065829483228123
900,0.0,0.5774681723724067,0.47659382258567584,0.577571921405218,0.5880199001267846,0.5473606316949557
901,0.0,0.29383480235236975,0.34947161554393935,0.304576562390412,0.4230648042815646,0.3554570740592913
902,1.0,0.8053110329542945,0.6886476129472487,0.7783549205330218,0.7307878378349646,0.7415821612455026
903,0.0,0.8333718625103762,0.6669730232208606,0.7518372279422705,0.7822575645813934,0.7608674834375434
904,1.0,0.5413867338087982,0.44736990760438433,0.40771679196917615,0.40814196368390515,0.4656328683656959
905,1.0,0.912237004029653,0.8305226930454234,0.9035306267359419,0.8827264704374939,0.8751620558375235
906,1.0,0.7540649945119166,0.7033638511035342,0.8203829749026041,0.8799041997854923,0.7791110151336477
907,0.0,0.7571256991012135,0.6346271411571007,0.7991319306412674,0.728027355040699,0.7065933984330045
908,0.0,0.09889666815141498,0.1448677138617318,0.13837581613111727,0.029798951162690945,0.09118777772527924
909,1.0,0.9862113395342804,0.846619390812959,0.943395865362141,0.9669282121018897,0.9332529808163764
910,0.0,0.021097363840480308,0.07057904169463497,0.0,0.03362751788037567,0.04176797447183032
911,1.0,0.6612001850018726,0.6859499038047159,0.6791830481881965,0.7289947942739282,0.6920482943601721
912,1.0,0.6059881761811919,0.5289865808210049,0.3954923714572552,0.5698744157074445,0.5682830575698804
913,1.0,0.5977138738802888,0.374771982767162,0.26536215059112417,0.31960842640948406,0.4306980943523116
914,1.0,0.6337222492089358,0.6129669854165665,0.6725358758504951,0.7038886047280988,0.650192613117867
915,1.0,0.9805863061462846,0.7796195192815617,0.7669244985991227,0.9880291072240286,0.9160783108839583
916,1.0,0.5023546431240413,0.5621389928354703,0.4835004457473635,0.6315985360628855,0.5653640573407991
917,0.0,0.7673043658112143,0.6295621393810168,0.8062507390403498,0.6645107257757524,0.6871257436559945
918,0.0,0.00687882809418777,0.03670521971486045,0.0,0.029798951162690945,0.02446099965724639
919,0.0,0.7398739998498858,0.5799510362615008,0.7168396475036832,0.763092057885487,0.6943056979989578
920,0.0,0.044424384018268516,0.1175294827667927,0.0,0.03362751788037567,0.06519379488847896
921,1.0,0.9399690397950882,0.8061184286427526,0.8415966069828744,0.883511525997475,0.8765329981451053
922,1.0,0.9293778379649521,0.859360470489561,0.9931526840784128,0.9117728168853568,0.90017037511329
923,1.0,0.5881329882523505,0.5603876841012583,0.5626854504238069,0.4603120942874223,0.5362775888803437
924,1.0,0.594935069810093,0.5696450061827579,0.7858874105006602,0.740958065613281,0.6351793805353773
925,1.0,0.9593235804444644,0.8992846882340576,0.9761396468450712,0.9400362859298267,0.932881518202783
926,0.0,0.4636894807068585,0.4660690526714435,0.4897003243925317,0.4651007722944563,0.46495310189091943
927,0.0,0.5075164806980347,0.5663378680628136,0.6407252617624865,0.7391578427587676,0.6043373971732052
928,1.0,0.9161326395491992,0.7383434136134254,0.8828600662589521,0.9117778805980682,0.855417977920231
929,1.0,0.7557866419130342,0.5956356391139078,0.5632126427800896,0.6722607601027322,0.6745610137098915
930,1.0,0.8338482465860695,0.8038776556633784,0.8996854342433473,0.936267513071299,0.8579978051069156
931,0.0,0.7767724368342318,0.6891585262133911,0.7501761198351564,0.7249528138859688,0.7302945923111972
932,0.0,0.8926177004690327,0.7718907614701236,0.9426141770760538,0.8881107927761525,0.8508730849051029
933,0.0,0.91119394911588,0.7969802534479807,0.9948724725414224,0.8833335435403105,0.8638359153680572
934,1.0,0.7034950955791328,0.5347321133216092,0.6278121506444782,0.40157414543426556,0.5466004514450026
935,0.0,0.6300352431523706,0.5783173124825212,0.8072184358680328,0.6750506250888952,0.6278010602412624
936,1.0,0.7546319519365052,0.7789218168406492,0.882830248910955,0.8589989236129885,0.7975175641300476
937,0.0,0.7948543565188371,0.5627010555393235,0.6180217896931122,0.6984347752285952,0.6853300624289186
938,1.0,0.8486340990773289,0.6256980729727376,0.6507108432044395,0.7634527232600732,0.7459282984367132
939,1.0,0.8504443379456208,0.7697962436748615,0.91343135844805,0.8484797177597915,0.8229067664600912
940,1.0,0.5803209183402054,0.6686316523704289,0.7862863623918349,0.8194779473844226,0.6894768393650189
941,0.0,0.7608399355507877,0.5230930319215941,0.722555109712167,0.5899058813026017,0.6246129495916611
942,0.0,0.6063516601651969,0.5795172033221273,0.4435548533121352,0.49287733179540166,0.5595820650942419
943,0.0,0.8809565896908571,0.7887533343942319,0.9203553143490278,0.8457197604554142,0.8384765615135011
944,0.0,0.026666727410495073,0.11754234698894425,0.0,0.06053565908964044,0.06824824449635992
945,0.0,0.7002970891606024,0.547983124168389,0.6004641865843625,0.45981029907062276,0.5693635041332047
946,0.0,0.45238808626848676,0.44976095092429685,0.2035396591951396,0.3488320714435584,0.4169937028787807
947,1.0,0.9123001443150562,0.815564386641479,0.9321072258554043,0.894776405083019,0.874213645346518
948,1.0,0.8040759218080522,0.65042241185672,0.5962752473458459,0.7704180289663289,0.7416387875437004
949,0.0,0.884915152775038,0.48087531939209255,0.866504692705833,0.7854005901248374,0.717063687430656
950,1.0,0.7796934660211758,0.734211403249395,0.6650310735167484,0.716990438066181,0.7436317691122506
951,1.0,0.7234004902627276,0.6736786719067231,0.8802909836227635,0.755068796352736,0.7173826528407289
952,1.0,0.7688595526472637,0.6124442000666899,0.8090516157429724,0.7405078097164048,0.7072705208101194
953,1.0,0.8661471989672157,0.7313654667652122,0.7773511829637785,0.7704404479852427,0.7893177045725569
954,1.0,0.894659894148306,0.8384201225407957,0.910332939298282,0.9223237974726243,0.8851346047205753
955,1.0,0.9127462110080833,0.6963511567991842,0.7214260745586527,0.8746495404933836,0.827915636100217
956,1.0,0.8657955120823346,0.7966540707562026,0.7849588880317977,0.8512552070060658,0.8379015966148677
957,1.0,0.9316725625116494,0.8416457702550878,0.7911870046194367,0.9241251141751773,0.8991478156473048
958,1.0,0.7332009024325485,0.7047187097574493,0.821792479626198,0.7612348968037612,0.7330515029979198
959,0.0,0.022866432167807208,0.10144108967110815,0.010707587318415385,0.0335016158209567,0.05260304588662402
960,1.0,0.7599796742874496,0.6176985774649065,0.6308587953358117,0.7208785396682701,0.6995189304735421
961,1.0,0.9369976563399195,0.7890001545260827,0.7457805938513782,0.8891004020542111,0.8716994043067379
962,0.0,0.8165956526786289,0.7090030018197687,0.8260397093168218,0.8473163823055946,0.790971678934664
963,1.0,0.8671311730757733,0.8100011145004601,0.9367186368649875,0.8549661060450393,0.8440327978737576
964,1.0,0.3317177645372997,0.3447665059242953,0.38595922537983507,0.37398386020792845,0.3501560435565078
965,1.0,0.9509582965046041,0.8771054725261582,0.8908201236278422,0.9265595618599014,0.9182077769635546
966,1.0,0.8346580887842427,0.7627557318122836,0.8630934949072204,0.820319402208409,0.8059110742683119
967,0.0,0.842085519903435,0.6779932605799801,0.85404127603909,0.7994854701817639,0.7731880835550596
968,0.0,0.7483724775214022,0.7680321115238354,0.9571046675243132,0.7792013138738018,0.7652019676396797
969,0.0,0.6234810204850106,0.7133692635312893,0.7056670435074733,0.924502078553114,0.7537841208564712
970,1.0,0.911263270951487,0.7338984062610743,0.9250747377999324,0.8600198410781906,0.8350605060969173
971,1.0,0.44105808025654364,0.4883810287881169,0.29100985004709573,0.3563610496459762,0.4286000528968789
972,1.0,0.6538596013600734,0.7022986421942847,0.7732932662205885,0.8811647619870542,0.7457743351804708
973,1.0,0.6990632016485162,0.6546300038646112,0.7134213367875166,0.8002485720797331,0.7179805925309535
974,1.0,0.9688249724643605,0.7839214581102799,0.8359174558311843,0.9275377605499773,0.8934280637082059
975,1.0,0.8425558492255818,0.5382854092931337,0.7559596904205881,0.6526880062991032,0.6778430882726063
976,0.0,0.8367914734784673,0.6227201658839934,0.6987881735271678,0.7004495121982256,0.7199870505202287
977,0.0,0.8604136781772154,0.8406410959858271,0.8838043553697651,0.8508933114908739,0.8506493618846388
978,1.0,0.8381851290310941,0.615159725555256,0.7508501474185312,0.8205252147037887,0.7579566897633795
979,1.0,0.5712763326854141,0.4413210792165411,0.23509888889276306,0.48480731799861393,0.49913490996685644
980,1.0,0.34026996987129215,0.4640538942067139,0.4242108614714667,0.24326208399085295,0.349195316022953
981,1.0,0.6113018980478373,0.5764209480534489,0.9026753545811028,0.8378149280394923,0.6751792580469261
982,1.0,0.8989947688208442,0.8201533885304194,0.9000006345188943,0.9074479973323231,0.8755320515611956
983,1.0,0.7804001944827963,0.6378952804993081,0.6634492910736887,0.7882916880274958,0.7355290543365335
984,1.0,0.8812906166947664,0.7443888510184726,0.9035526327284846,0.9099590148710291,0.8452128275280893
985,1.0,0.7812121402016319,0.7169598327485454,0.763687603503315,0.7682655887750578,0.755479187241745
986,0.0,0.16331181584085525,0.23912096437393834,0.057559391196866615,0.3505519014022806,0.25099489387235807
987,1.0,0.7531312958960011,0.6360761711027627,0.49467899332154774,0.6776343259629065,0.6889472643205568
988,0.0,0.8045353555394714,0.8005596932910926,0.8845017948021998,0.7933279090926837,0.7994743193077491
989,0.0,0.02371172455934876,0.04044832055194578,0.0,0.06053565908964044,0.04156523473364499
990,1.0,0.6488291281577123,0.5992203270568741,0.6735204384611498,0.7361166553800377,0.6613887035315413
991,1.0,0.847113706516497,0.7696416706183205,0.9245914500977281,0.8516743863988104,0.822809921177876
992,1.0,0.7074963031293661,0.7071806198400261,0.7983293264553497,0.775851063287619,0.7301759954190037
993,1.0,0.9039612250689012,0.8162479956014012,0.8719264527088103,0.8737439301819923,0.8646510502840982
994,1.0,0.9300299142820011,0.8260051797633178,0.9747022210059113,0.9395124845469032,0.8985158595307406
995,1.0,0.8547428605623286,0.8632897731055579,0.9915797361645867,0.9309949966681366,0.8830092101120076
996,1.0,0.9709785244064638,0.8815572166648432,0.9736083361828669,0.8860359403937447,0.9128572271550173
997,0.0,0.7658929197724107,0.7472658522457671,0.761767052176631,0.7754098814992937,0.7628562178391571
998,1.0,0.8220090460944882,0.7227933385618199,0.8720250832557491,0.8871230981146653,0.8106418275903245
999,1.0,0.8182182245921141,0.6384846611614614,0.6771802741194627,0.8811793288819995,0.7792940715451917
1000,1.0,0.8659183908269511,0.8110715272585621,0.9650449904979518,0.9084567237462161,0.8618155472772431
1001,0.0,0.010945021123569017,0.1384361907927382,0.0007032374100719424,0.04254003032974486,0.0639737474153507
1002,1.0,0.5779177398791634,0.49142407489633266,0.42668566805342645,0.6314404164091934,0.5669274103948965
1003,1.0,0.5838040620745536,0.5274957867003965,0.6691075728991808,0.538486441622101,0.5499287634656836
1004,1.0,0.6944781264575605,0.6982857625760914,0.9141269434067709,0.8070580701559659,0.7332739863965393
1005,1.0,0.9533074039530138,0.792257224601779,0.9139118434770884,0.8388718359233197,0.8614788214927042
1006,1.0,0.5561959945740145,0.5786233133113139,0.6339117907911745,0.7660697486911107,0.6336296855254796
1007,0.0,0.005960820139999508,0.07912604471547724,0.0,0.029971194334720515,0.038352686396732415
1008,0.0,0.7955316746093453,0.5769338675156412,0.735869607852048,0.6674709094967045,0.6799788172072304
1009,1.0,0.8443000793616312,0.6582741112184745,0.5607770575835929,0.7980441212945482,0.7668727706248846
1010,1.0,0.8534079918012913,0.7706108070634674,0.8252411368114392,0.8582131756601791,0.8274106581749793
1011,1.0,0.9175877844329832,0.8428054950612257,0.980649559587122,0.8995768146851039,0.8866566980597709
1012,1.0,0.8345609518187447,0.7147180255277693,0.7996605679929717,0.700523509331212,0.7499341622259087
1013,0.0,0.9255234348484895,0.7617449283123728,0.8271873852847129,0.8930807097036574,0.8601163576215066
1014,0.0,0.01758578716616665,0.1357645672571214,0.004854565100206007,0.08648608567324467,0.07994548003217758
1015,0.0,0.008235440529620998,0.07607319253899472,0.0,0.012620602365204646,0.03230974514460679
1016,0.0,0.026771620232282203,0.12968434690033853,0.0,0.02612863032892273,0.06086153248718116
1017,0.0,0.6331585332814013,0.533485759405025,0.5074598505643099,0.4815221141213633,0.5493888022692631
1018,1.0,0.7385708794174434,0.6069187866657734,0.8462536070951305,0.6690151722635046,0.6715016127822405
1019,1.0,0.6016668877247802,0.5219041424721317,0.401224788664197,0.5644945334854067,0.5626885212274395
1020,0.0,0.8955828288619581,0.8020760831430838,0.9199849978240721,0.9138865180977184,0.8705151433675867
1021,1.0,0.7316028212176334,0.4463549621694629,0.6767445927989438,0.7351624564313183,0.6377067466061382
1022,1.0,0.574679198231623,0.2779163379515769,0.6009788448696611,0.3841818252649223,0.41225912048270735
1023,0.0,0.004814674070398019,0.07688928507285821,0.0,0.02412272221327386,0.035275560452176696
1024,1.0,0.9325213267665613,0.7496046282217398,0.8745934194435092,0.8962796739312885,0.8594685429731964
1025,1.0,0.6478916214159872,0.6108367085021833,0.6325051865509451,0.7422327622383873,0.6669870307188526
1026,1.0,0.7759287077278465,0.5106917510467495,0.5187148556642401,0.5793146396741767,0.6219783661495909
1027,1.0,0.8482628596671948,0.7456615340634284,0.926815038785048,0.8013964255735486,0.7984402731013907
1028,1.0,0.9183360169612913,0.7635703343426884,0.9143573540844517,0.8411777197130985,0.8410280236723594
1029,1.0,0.6732371315417678,0.7264301630918993,0.7958201351989156,0.8615996247017846,0.7537556397784839
1030,1.0,0.7648541696694338,0.6200521153024505,0.8949644501172116,0.845749657901144,0.743551980957676
1031,1.0,0.8828715654241349,0.553777268091045,0.7003488941987087,0.6747668521565466,0.7038052285572421
1032,0.0,0.8053606587990675,0.7316039418046546,0.878776542431602,0.776804645217772,0.7712564152738314
1033,1.0,0.49006828060050683,0.59702145937536,0.7016134126319644,0.6124404325462706,0.566510057507379
1034,1.0,0.2958027548591192,0.27477967345448273,0.2672070117699968,0.29681521671043454,0.2891325483413455
1035,0.0,0.002005391943047611,0.07814937148917965,0.015958696543419443,0.04971271439013902,0.0432891592741221
1036,1.0,0.7883760786996613,0.7235735382604923,0.8915133914091942,0.8502306909771267,0.7873934359790935
1037,0.0,0.0014469313344291804,0.047002931176854605,0.0,0.029971194334720515,0.02614035228200143
1038,1.0,0.7826156872540451,0.7640344333799497,0.88785559952504,0.8971381784387983,0.8145960996909309
1039,0.0,0.7553788212167482,0.7576466721502526,0.8181140524156743,0.8311708711948502,0.7813987881872837
1040,0.0,0.6340609149908711,0.5598920453601521,0.5638728920246492,0.6798367696885045,0.6245965766798426
1041,1.0,0.9169429912966524,0.6828838635959688,0.7252297458981457,0.8183024340347701,0.8060430963091304
1042,1.0,0.8977712675605406,0.5658981281599698,0.6721493637578537,0.6671053669610472,0.7102582542271859
1043,1.0,0.9074632096108985,0.8238538002100521,0.9260040996934237,0.928760175064726,0.8866923949618922
1044,1.0,0.9461184467704252,0.8881719656312653,0.9696856165743138,0.9510013326439144,0.9284305816818684
1045,0.0,0.7984905954145773,0.7033175213375665,0.6976281897274764,0.8310498403880041,0.7776193190467161
1046,0.0,0.008583900077235553,0.050834978180759,0.0,0.029971194334720515,0.02979669086423836
1047,0.0,0.6321226586415492,0.4858061912108485,0.4501378052070354,0.6444451648052885,0.5874580048858954
1048,1.0,0.7440678486119798,0.6475984012804564,0.768227570528083,0.7210985727653987,0.7042549408859449
1049,1.0,0.6666318290504792,0.5661459673185815,0.6817318237828508,0.7105564771412817,0.6477780911701142
1050,0.0,0.7407184484666931,0.5762724022059167,0.6044767208876374,0.7790064153670635,0.6986657553465578
1051,1.0,0.5814208421689803,0.5595304478877473,0.6299347112267996,0.6849353288171619,0.6086288729579632
1052,1.0,0.6961687946417401,0.6546964401969346,0.7582285021773497,0.8760905623525442,0.7423185990637396
1053,1.0,0.8556955647543458,0.709586593879527,0.82795689842516,0.760253529292934,0.775178562642269
1054,1.0,0.8065335354402178,0.6398492301920053,0.8116408931657769,0.6614486797364973,0.7026104817895735
1055,1.0,0.8986256289189293,0.70649693461402,0.8469333053369005,0.8441918337916221,0.8164381324415237
1056,1.0,0.8307273157065389,0.7867619725246598,0.8665021242762538,0.9353398189856145,0.8509430357389377
1057,0.0,0.7231709131989199,0.6268793733131299,0.6929944450340781,0.7921797592892491,0.7140766819337664
1058,1.0,0.5685364892779018,0.4686438725383719,0.34675721677796933,0.41343599168825407,0.4835387845015093
1059,1.0,0.896712043031227,0.8268022621475448,0.9453845829008259,0.9355501192266121,0.886354808135128
1060,1.0,0.9174030901867256,0.7898537881098897,0.9091908172950934,0.9007943947762709,0.8693504243576288
1061,1.0,0.9103859047827744,0.8149105953773865,0.9308448334258187,0.9370645542608806,0.8874536848070139
1062,0.0,0.02492570084151899,0.11721452997349249,0.0037252533484017584,0.019866285882052113,0.05400217223235453
1063,0.0,0.0370274574908206,0.19545790231269375,0.0004263904034896402,0.01901611981170876,0.08383382653840771
1064,1.0,0.864543974069535,0.7437680725489935,0.87730591686012,0.865655966129711,0.8246560042494132
1065,0.0,0.8073739459122511,0.6091232947226707,0.7280072873518685,0.7459291823842081,0.7208088076730433
1066,1.0,0.6423615261517365,0.6987212621193499,0.6743338423944546,0.8211932034132963,0.7207586638947943
1067,0.0,0.7355963972376021,0.6869226945845057,0.9109226890217508,0.8232915481366102,0.7486035466529061
1068,1.0,0.4063453642653945,0.24287026686272908,0.11651265781800033,0.36391084705504956,0.33770882606105773
1069,1.0,0.9240985825193581,0.6663117630882475,0.726782049702554,0.9076510729063711,0.8326871395046589
1070,0.0,0.8440612193740206,0.6736289172408492,0.7635415954524322,0.7832965744875362,0.7669955703674686
1071,0.0,0.31328897528842076,0.579305292507433,0.4605736556849728,0.5598027292399741,0.484132332345276
1072,1.0,0.8092543113389277,0.7417691267459781,0.9055415928504944,0.8170129366142351,0.789345458233047
1073,1.0,0.882296029219771,0.7312501441323623,0.9191916310669219,0.8652569279978546,0.826267700449996
1074,0.0,0.325384795964979,0.41288298804898377,0.3864451160927062,0.37456511911025814,0.3709443010414069
1075,1.0,0.8361809016448223,0.651204289817376,0.8284188130750672,0.7011315543884997,0.7295055819502326
1076,1.0,0.9270170196490927,0.7719029256521595,0.9190338850630244,0.8460622236255605,0.8483273896422708
1077,1.0,0.9264748702932115,0.6378019848407923,0.608295822887394,0.7672688109371822,0.7771818886903953
1078,1.0,0.8056110776795192,0.7478658340598833,0.913191635741664,0.8541029849797548,0.8025266322397191
1079,1.0,0.6534756058833661,0.5480053405942894,0.496072601521534,0.602175434514899,0.6012187936641848
1080,0.0,0.03094272126907454,0.08994346211871079,0.0,0.06053565908964044,0.060473947492475255
1081,1.0,0.8329603102138452,0.6538119558805606,0.5575476366349296,0.7105442276887676,0.7324388312610578
1082,0.0,0.01768611809661561,0.07017397659122465,0.0,0.014505277968987738,0.03412179088560933
1083,1.0,0.7124036272898173,0.7196268250328979,0.5481123429306948,0.8384503093203876,0.7568269205477008
1084,1.0,0.5575902174193877,0.5206950125883694,0.48740258789106733,0.5363462715551007,0.5382105005209525
1085,1.0,0.7719510738930967,0.7053507685396216,0.7880465829702031,0.7209485447959482,0.7327501290762221
1086,1.0,0.6433042170595827,0.5839977274811663,0.6651699973439038,0.7015027839332958,0.6429349094913483
1087,0.0,0.8839477712200012,0.6867875311458804,0.8181054411987786,0.7918213305477654,0.7875188776378823
1088,1.0,0.947682258207916,0.772775701852064,0.8319286564358465,0.9343583981721834,0.8849387860773877
1089,0.0,0.017712039943406362,0.05809732213790725,0.0,0.06053565908964044,0.04544834039031801
1090,1.0,0.8623355791617408,0.7183113942580533,0.733089461801786,0.8420042175561285,0.8075503969919743
1091,0.0,0.617236368400388,0.5443502657963954,0.722793551471876,0.6960754334850091,0.6192206892272641
1092,1.0,0.8980881436860435,0.7698611040410823,0.918133000641118,0.9307849572343414,0.8662447349871557
1093,0.0,0.7565581670119798,0.7651247380895492,0.830082763295572,0.8660188267637221,0.795900577288417
1094,1.0,0.34375621130062334,0.3697984974484966,0.32305198316947153,0.5756129070055629,0.42972253858489423
1095,1.0,0.5135940570383953,0.5762285346737687,0.33166454898410475,0.540905457762502,0.5435760164915554
1096,1.0,0.9254433449213231,0.8038058212861964,0.8932065152664384,0.8948516708238199,0.8747002790104464
1097,0.0,0.00709445838170442,0.0912106334598898,0.0007038202247191013,0.03362751788037567,0.04397753657398997
1098,1.0,0.8638602061408992,0.7611149966756592,0.8847119151628401,0.8747489384221593,0.8332413804129059
1099,1.0,0.6929224341220054,0.6054002794601085,0.722468860127097,0.46514453685851864,0.5878224168135442
1100,1.0,0.9114934307733027,0.8173602731603617,0.8518559825537464,0.8811796003215624,0.870011101418409
1101,1.0,0.874560874908282,0.778564514278662,0.8436040734837036,0.8970692818267567,0.8500648903379003
1102,1.0,0.9234515790218396,0.8879345400568756,0.9948116853932584,0.9592934255093518,0.9235598481960223
1103,0.0,0.5314851646976733,0.5576425856601049,0.7091486303557402,0.6017004671423691,0.5636094058333825
1104,0.0,0.032390274617412625,0.11376260800696678,0.20958737528457416,0.03362751788037567,0.05992680016825169
1105,1.0,0.8801497869815206,0.6984457898818242,0.752014720683315,0.8328683330516556,0.8038213033050002
1106,0.0,0.025267784214036734,0.06531131448487203,0.0,0.03362751788037567,0.04140220552642814
1107,1.0,0.9100130446204417,0.78496020964798,0.9454047044501354,0.8532875650953505,0.8494202731212575
1108,1.0,0.9161394492169747,0.7194656626134581,0.8048136708778985,0.8132663118998217,0.8162904745767515
1109,1.0,0.9100235548032292,0.8549571239793329,0.8923658165568668,0.8921062130827933,0.8856956306217851
1110,1.0,0.9004237345610384,0.8293754388439118,0.8974844057875984,0.8891372724410163,0.8729788152819888
1111,1.0,0.9626609605480448,0.9021607147995739,0.9216296523449194,0.9394276109226509,0.9347497620900899
1112,0.0,0.5487141667206316,0.40985109169758505,0.4019392367800417,0.4679536870572016,0.4755063151584727
1113,0.0,0.01131730404576299,0.06287315422749619,0.0,0.03362751788037567,0.03593932538454495
1114,1.0,0.4669592043533748,0.6431882548721479,0.6145949652974202,0.7390714524160807,0.6164063038805345
1115,1.0,0.8780781210673531,0.8377433368730333,0.957206868094691,0.9050304054618731,0.8736172878007532
1116,1.0,0.9138684662077758,0.876498610659152,0.9564754159239391,0.9306356337449212,0.9070009035372829
1117,0.0,0.703214267400366,0.6468648906960197,0.6541905450507645,0.8344590303665707,0.7281793961543187
1118,1.0,0.8884922277121711,0.7966499027340282,0.8874761973576596,0.9394234163091005,0.8748551822517666
1119,1.0,0.9524878811717765,0.8315654227251165,0.9127679231296648,0.8983977999885563,0.8941503679618164
1120,0.0,0.009945489092730337,0.07289158810828017,0.0,0.029798951162690945,0.03754534278790048
1121,1.0,0.7688895527627125,0.6749807786040215,0.6915622886754631,0.8042220251404613,0.7493641188357318
1122,1.0,0.8468788154628126,0.844545376683486,0.8260384836378085,0.9002200411052521,0.8638814110838502
1123,1.0,0.7150587237857906,0.544051706361326,0.4796949280532883,0.5810501237541544,0.6133868513004237
1124,1.0,0.6240116668307669,0.5283262756841488,0.5749581401421892,0.6491048452989336,0.6004809292712832
1125,0.0,0.7635075846026251,0.4800621458990583,0.38815898987399977,0.5745433004443838,0.6060376769820225
1126,1.0,0.9260880775202283,0.7706904794957494,0.9257769968935844,0.8937201389111221,0.8634995653090334
1127,1.0,0.9199602200627496,0.8222854933649358,0.9596248828764148,0.9251958302050576,0.8891471812109143
1128,1.0,0.8140010772622378,0.7256007900438811,0.8114493784800573,0.8672421005233278,0.8022813226098156
1129,1.0,0.7037086879969497,0.6102862642105782,0.5815009963116825,0.578289956824254,0.6307616363439273
1130,1.0,0.9332463487043275,0.8817855280483363,0.9928977277073872,0.9107195328367036,0.9085838031964558
1131,1.0,0.8647051117083113,0.7873814243639194,0.8297998871974637,0.801009333605336,0.8176986232258555
1132,0.0,0.015890806760937508,0.06473013283916176,0.0,0.05275361129316204,0.044458183631087105
1133,0.0,0.7593770365002797,0.4998857354836297,0.5073130369583473,0.5582939977434604,0.6058522565757899
1134,0.0,0.8607805319143481,0.7787785215319764,0.8123354595212178,0.8364241778918521,0.8253277437793921
1135,1.0,0.703284200427682,0.6254757858341315,0.7897678989412716,0.7329548032342034,0.687238263165339
1136,1.0,0.8810116318152295,0.7023588524686035,0.5629972197962456,0.8563949291209101,0.813255137801581
1137,0.0,0.4901316112790821,0.3646002475923787,0.3138492138818231,0.3105644595162852,0.38843210612924867
1138,0.0,0.012137814771760737,0.1342731221661079,0.13947814588362126,0.06053565908964044,0.06898219867583637
1139,0.0,0.026795074635233392,0.18348830446359213,0.0344628532852932,0.04254003032974486,0.08427446980952347
1140,0.0,0.8792428618426626,0.6728818914397989,0.6002968097804363,0.9097151198176028,0.8206132910333549
1141,0.0,0.675088249588587,0.6674157947974096,0.8917683167374183,0.706643521738437,0.6830491887081447
1142,1.0,0.7527012300526827,0.7529633577449082,0.78071887009621,0.846755083774547,0.7841398905240459
1143,0.0,0.009638239692825196,0.07804118946851077,0.0,0.029971194334720515,0.03921687449868549
1144,1.0,0.9489217902142204,0.7411024488177985,0.9448748481835438,0.8291652698501931,0.8397298362940706
1145,1.0,0.5436996774815788,0.5724883009170398,0.6795550113528355,0.6925038647121743,0.602897281036931
1146,0.0,0.9155268849947955,0.8176003525975041,0.9587420791886535,0.8594577653016942,0.8641950009646645
1147,0.0,0.008319384229515,0.07365553517062523,0.003946153209769491,0.055099526490937745,0.04569148196369266
1148,0.0,0.03718520991701436,0.07374502583611486,0.0,0.03362751788037567,0.048185917877834966
1149,1.0,0.930237410450351,0.728559768097718,0.8298031477592756,0.8316330874979552,0.8301434220153414
1150,1.0,0.7869964533385757,0.644853989023666,0.748804603507918,0.4909996818214107,0.6409500413945507
1151,0.0,0.8473794085510749,0.7838617104730835,0.8702009773426451,0.8284127777057722,0.8198846322433102
1152,0.0,0.8673795185034487,0.6333036988997057,0.7381245149672788,0.5274041658854615,0.676029127762872
1153,1.0,0.8956194873334923,0.7878412957341857,0.8332683101987093,0.8685149382625701,0.8506585737767494
1154,0.0,0.6693534654034323,0.5761986849584763,0.5403331239063167,0.4411259323549989,0.5622260275723024
1155,0.0,0.0635676668317723,0.05573634389608513,0.005946277676350583,0.06053565908964044,0.059946556605832625
1156,0.0,0.7122118682227273,0.5990883114692305,0.6825961179679979,0.6264065965046284,0.6459022587321953
1157,0.0,0.03391098276048021,0.16611185647851429,0.15667059988743712,0.04782394515237959,0.0826155947971247
1158,1.0,0.7715085318564746,0.7196284140667116,0.7726242047790527,0.8647387143426367,0.7852918867552744
1159,1.0,0.8956630012810979,0.6967776733088258,0.6278835521031864,0.8339300757745678,0.8087902501214971
1160,0.0,0.005390375987593704,0.045177500630132296,0.0,0.008915723168843565,0.01982786659552319
1161,1.0,0.81050000364627,0.6429366993968013,0.7063859901815711,0.8510058380691891,0.7681475137040868
1162,1.0,0.8389326421129845,0.7260262954365494,0.6910115386100236,0.8716066029185676,0.812188513489367
1163,1.0,0.6019758079232446,0.5899730707697842,0.6916518988390156,0.625535903153819,0.605828260615616
1164,1.0,0.8401790496510011,0.7292650774006413,0.9459056745468323,0.8592035317080133,0.8095492195865518
1165,0.0,0.006465174080672184,0.07127678225962915,0.0,0.014449476235962131,0.030730477525421154
1166,1.0,0.806525507924871,0.8038864740936398,0.8871872587383873,0.8140903394965497,0.8081674405050201
1167,1.0,0.8704105893030414,0.7085601054574033,0.7867971097007279,0.8665746915644585,0.8151817954416344
1168,1.0,0.7678093160943863,0.5872192679294727,0.6811271983285598,0.8654634805432049,0.7401640215223546
1169,1.0,0.38775297857328944,0.5515928214960318,0.5557040584331068,0.6808420577372502,0.5400626192688571
1170,1.0,0.8707556753737327,0.651566398238938,0.6466862081486334,0.8135057422617906,0.7786092719581538
1171,1.0,0.9122367364249994,0.8991262506524713,0.9843391023862158,0.8946339660737119,0.9019989843837276
1172,0.0,0.008376953545182916,0.029360938888522193,0.0,0.03362751788037567,0.023788470104693593
1173,1.0,0.9546163466217549,0.7905521070463627,0.8879584969549621,0.9140216997105697,0.8863967177928957
1174,0.0,0.634451123038486,0.531453476592082,0.6163971698152834,0.5330988786709822,0.5663344927671834
1175,1.0,0.8956096776324939,0.7284458259970935,0.7644766316057172,0.8540984045355725,0.8260513027217199
1176,0.0,0.003807383332904572,0.053718211825813426,0.3272764044943799,0.045501002883501965,0.034342199347406656
1177,1.0,0.8903163891124091,0.783378123270738,0.9279486787613669,0.8901248074374846,0.8546064399402106
1178,1.0,0.906139275778525,0.6950734124238322,0.7728696301895369,0.8869106928418806,0.8293744603480793
1179,1.0,0.8189324639731609,0.8092344675122584,0.8483842391214145,0.860212413380479,0.8294597816219661
1180,1.0,0.6895928872948879,0.7443874016947335,0.8818767263266202,0.8606693889882273,0.7648832259926163
1181,1.0,0.7249264041338646,0.6487771698111692,0.6895645671975187,0.767776905670386,0.7138268265384733
1182,0.0,0.7479656617289885,0.7253920038922166,0.8694342978470139,0.8095506519360905,0.7609694391857653
1183,1.0,0.772651296902535,0.46173714271251287,0.563726728331291,0.4796815008619212,0.5713566468256563
1184,0.0,0.5311061629412029,0.5006911102656404,0.6758101452794284,0.5249232593378306,0.518906844181558
1185,1.0,0.8868100360967573,0.8314947231506485,0.8392737906441935,0.9054255916557153,0.8745767836343737
1186,1.0,0.7814391008737959,0.6299372484190243,0.7172595135745278,0.6732097588549161,0.6948620360492455
1187,1.0,0.847385606106889,0.7527946665630657,0.8141911110233118,0.7571561385567295,0.785778803742228
1188,0.0,0.046706738310700664,0.2079059121783488,0.005978729206435779,0.04782394515237959,0.10081219854714302
1189,1.0,0.8952782786863598,0.7980623042380498,0.903544892075206,0.871503887955875,0.854948156960095
1190,1.0,0.7088248770467456,0.6216969259245577,0.5451625593424853,0.7872884175122096,0.7059367401611709
1191,1.0,0.8111884214523584,0.6342732179354303,0.8215074623239819,0.6755576659976693,0.7070064351284859
1192,0.0,0.5502010003544128,0.5379675420567316,0.6349520250372118,0.7525640512104093,0.6135775312071846
1193,1.0,0.782711748494782,0.6943005688136819,0.7604019122430228,0.8179378400131924,0.7649833857738854
1194,1.0,0.9086773360673066,0.8077668145052356,0.7247367850499721,0.9059189740975374,0.8741210415566932
1195,1.0,0.563043277619737,0.5757498862732994,0.6463329471377244,0.5720151512905843,0.5702694383945403
1196,1.0,0.8576041869987122,0.8019320332154802,0.8984408639350552,0.8586108484027923,0.8393823562056616
1197,1.0,0.5989660176192482,0.5594840958101388,0.5168320310138775,0.6698548883311921,0.6094350005868597
1198,0.0,0.007598506649097691,0.06632359910365962,0.0004266230223677032,0.029971194334720515,0.03463110002915928
1199,0.0,0.7992666153221469,0.6726872189966913,0.7652868661837369,0.8653735545307992,0.7791091296165459
1200,0.0,0.7804628637017546,0.6250618234319966,0.8037555001582298,0.8270191435359946,0.7441812768899152
1201,1.0,0.9299928750899593,0.8204583202100111,0.8851530448077252,0.8777859018608198,0.87607903238693
1202,1.0,0.6168066985208305,0.6028032889586925,0.6408590274013194,0.35968274601915873,0.5264309111662272
1203,1.0,0.8369059631304175,0.7321289552029883,0.8260428412087943,0.8112996541594489,0.7934448574976183
1204,1.0,0.7774476918419193,0.66862192917796,0.6685003701783521,0.8210219710698116,0.7556971973632303
1205,0.0,0.8179931231205195,0.562442031345667,0.6769598159565119,0.6840478928416693,0.6881610157692853
1206,1.0,0.779511379112783,0.721307819313537,0.9260716920932766,0.8957389215058813,0.7988527066440673
1207,0.0,0.570927096138891,0.5975311409663805,0.46876569731054957,0.6856066354306128,0.6180216241786282
1208,0.0,0.8344967103709007,0.6062855925295267,0.6928972164997151,0.6846170257484637,0.7084664428829637
1209,1.0,0.7876643583479744,0.6845409551085013,0.7255736023518258,0.6738913347420141,0.7153655493994967
1210,0.0,0.6004656245906155,0.44527815357244066,0.3867782008507558,0.3347981734611689,0.46018065054140833
1211,1.0,0.8318364927200796,0.7465973430549937,0.8644427205766742,0.8404297932630822,0.8062878763460519
1212,1.0,0.748076412297084,0.6652638059898193,0.8927615000779436,0.822062848147311,0.7451343554780715
1213,1.0,0.7474550984851,0.5941854874324678,0.6443504403060615,0.706937318779682,0.6828593015657499
1214,0.0,0.002452781740148165,0.05099333462751776,0.0,0.029798951162690945,0.027748355843452293
1215,1.0,0.6390372731170618,0.5672527790392902,0.42941036092208174,0.7012931957300202,0.6358610826287907
1216,1.0,0.7426926154345851,0.6854403793044864,0.7944685416535766,0.7975359115423569,0.7418896354271428
1217,1.0,0.8691119779583383,0.7453654908859623,0.8441216851452592,0.90307510439453,0.8391841910796103
1218,0.0,0.029864779257979007,0.23796315215002273,0.0007038202247191013,0.029798951162690945,0.09920896085689757
1219,1.0,0.3683513086915738,0.4554459806625677,0.4978344256194206,0.4239004233458443,0.4158992375666619
1220,1.0,0.7863967190389858,0.5943197830131597,0.535549077805789,0.6579520623721388,0.6795561881414282
1221,1.0,0.9352468730246166,0.8557302386485723,0.910896404407187,0.9142242083104245,0.9017337733278712
1222,1.0,0.714545244905735,0.6520895227938813,0.8436971870506959,0.8732250119489601,0.7466199265495255
1223,1.0,0.7527227726472154,0.8239494892776048,0.9291761504020901,0.8818296675374412,0.8195006431540871
1224,1.0,0.7044637806710222,0.5066534973925692,0.39514447346728193,0.6905196391885017,0.6338789724173642
1225,1.0,0.2972291629340302,0.45059770179008574,0.25659410277591255,0.34164798619556047,0.3631582836398921
1226,1.0,0.6913835912112206,0.7017698838189874,0.829613989352213,0.7428519807724845,0.7120018186008975
1227,1.0,0.9714271881076061,0.8853877343646652,0.9783802701483287,0.9703678545228531,0.9423942589983748
1228,1.0,0.9181001160184504,0.8232092026962289,0.9196827740280862,0.9143979856310656,0.8852357681152482
1229,1.0,0.8160377369492551,0.5742198889490892,0.5630906645472328,0.6072993887120318,0.6658523382034587
1230,1.0,0.7943019253043435,0.7460955406738128,0.7312996986935849,0.8290314914573991,0.7898096524785184
1231,0.0,0.7000430311819993,0.5730445211052745,0.6760216640759465,0.6021334642205725,0.625073672169282
1232,1.0,0.595629167022976,0.56884390511869,0.719496039774964,0.5092932218329617,0.5579220979915426
1233,0.0,0.003572598130241679,0.06923956105781133,0.005504077606836561,0.029798951162690945,0.03420370345024799
1234,1.0,0.877184445006279,0.6583951232469206,0.8036268447845446,0.8596002066924432,0.7983932583152143
1235,1.0,0.8485953829396561,0.6504080923004952,0.7907163445446134,0.753411418884899,0.7508049647083501
1236,0.0,0.8725474315909878,0.6950813578175145,0.8578002400741371,0.828629670495267,0.7987528199679231
1237,1.0,0.6960724417765477,0.5694940698216701,0.5347533639625117,0.649763610792506,0.6384433741302412
1238,1.0,0.9493402672225134,0.821128611786959,0.8823640605771117,0.8866342082328007,0.8857010290807578
1239,1.0,0.8164308855138748,0.708117883519311,0.7167963721407067,0.8487239501197651,0.791090906384317
1240,1.0,0.8694161060263406,0.701438432265895,0.8479717150978158,0.8982910849256929,0.8230485410726427
1241,1.0,0.7808667408959271,0.746528442139849,0.8234263045355684,0.872398517331929,0.7999312334559017
1242,1.0,0.9932504908504005,0.8806942090856384,0.9394758070216009,0.9422849061813394,0.9387432020391261
1243,1.0,0.5886858520518577,0.6462589215360498,0.6070423445280857,0.7410222180523433,0.6586556638800837
1244,1.0,0.9560996418018479,0.7758757639008307,0.9002195953551007,0.937632230516464,0.8898692120730475
1245,1.0,0.8245456422678339,0.7231613995382935,0.844867199849577,0.9003096440569609,0.8160055619543627
1246,1.0,0.9459517567053625,0.7956900670018237,0.8855954014423684,0.9446926310186394,0.8954448182419418
1247,1.0,0.8022514174032594,0.7992345526192759,0.9416579202739337,0.856484577890833,0.8193235159711229
1248,0.0,0.016444801328496118,0.07741878391053185,0.0025583424209378418,0.031227838642917068,0.041697141293981686
1249,0.0,0.015819481463975636,0.16668219100082143,0.007375308345484177,0.01622086696703456,0.06624084647727721
1250,1.0,0.935782951241041,0.8891864728908646,0.9990402394413036,0.9188557938480081,0.9146084059933046
1251,1.0,0.750303458789127,0.706565808746381,0.7675598625538432,0.8455824583318159,0.7674839086224412
1252,0.0,0.8143778398130567,0.83650329190908,0.8814547443573961,0.9452859005134248,0.8653890107451873
1253,1.0,0.5991165287159169,0.4454467061012153,0.3648879746918709,0.6043544290525434,0.5496392212898918
1254,0.0,0.007105777051380223,0.0564367438786153,0.0,0.06053565908964044,0.041359393339878654
1255,0.0,0.8264252221930544,0.5775206845730338,0.5555984908958902,0.6217505928955364,0.675232166553875
1256,0.0,0.5053454668234112,0.4305092573980627,0.3446041352326171,0.3476933148364951,0.4278493463526563
1257,0.0,0.004029672839616379,0.04330003754457043,0.0,0.06053565908964044,0.035955123157942415
1258,0.0,0.01223030896479261,0.03888389529455033,0.0,0.03362751788037567,0.02824724071323954
1259,0.0,0.04971298657572033,0.18011545831387998,0.0067526825383211,0.08165919238642116,0.10382921242534049
1260,1.0,0.7361557667540579,0.659453962207506,0.9028850260427391,0.8113377656119299,0.7356491648578313
1261,1.0,0.4832551840230967,0.49304835510291434,0.4450262160698311,0.4783368793523401,0.48488013949278375
1262,0.0,0.7664232735897638,0.7523376730086351,0.9303866390686716,0.9069581171408141,0.8085730212464043
1263,0.0,0.8208265223888485,0.7333065836587451,0.9375850359413003,0.7451987197295739,0.7664439419257225
1264,1.0,0.7453577294751982,0.7192487980441397,0.8749158177496982,0.7285244266023072,0.7310436513738817
1265,0.0,0.7485941712073263,0.6931561700158183,0.8795852057898892,0.8744973509706552,0.7720825640646
1266,1.0,0.815279385735921,0.7918882560835269,0.91569268922247,0.9181830181688401,0.8417835533294293
1267,1.0,0.5202449008376367,0.527111462670556,0.5785891597855523,0.7889971165093901,0.6121178266725277
1268,1.0,0.7745577391500266,0.685770111914957,0.5332042522327365,0.7037805437067258,0.7213694649239031
1269,1.0,0.7919186140625964,0.7036360386138876,0.9061097532218698,0.8450875558323796,0.7802140695029545
1270,1.0,0.728653691389233,0.6822579027090576,0.8386772936008611,0.8124014794490909,0.7411043578491272
1271,0.0,0.09899817511055267,0.12842205299671045,0.0,0.06053565908964044,0.09598529573230119
1272,0.0,0.47074082724910216,0.24540980001929852,0.13720963627351174,0.24438656658417454,0.32017906461752504
1273,1.0,0.8252158890263429,0.63527079320087,0.6595621801419248,0.7877063798730091,0.7493976873667406
1274,1.0,0.8182525561761056,0.7234984589316384,0.8198667741900025,0.8155172179237423,0.785756077677162
1275,0.0,0.004415436250961764,0.028842602702355266,0.0007029213483146068,0.06053565908964044,0.03126456601431916
1276,1.0,0.7632190199153793,0.5641403006454,0.468379902968933,0.606661504598082,0.6446736083862872
1277,1.0,0.7687807457440492,0.6818070019556167,0.7221132702114148,0.8476339814520844,0.7660739097172501
1278,0.0,0.010341601583923074,0.07482574428991075,0.0007032374100719424,0.029971194334720515,0.038379513402851444
1279,0.0,0.03250613018615949,0.04826866905271693,0.0,0.03362751788037567,0.038134105706417364
1280,1.0,0.8691964042937768,0.7377848699685015,0.8905449337561416,0.9034363416592063,0.8368058719738282
1281,0.0,0.7405727549963894,0.5094844958632345,0.27957246916947837,0.30821145986588105,0.5194229035751684
1282,1.0,0.7074844365517835,0.4622751962278049,0.49393169082290667,0.6595734180034387,0.6097776835943424
1283,1.0,0.5449571542714688,0.4674115466899509,0.45934526874833115,0.5508290413533702,0.52106591410493
1284,0.0,0.8634516268900553,0.6797186179693248,0.8494640603364657,0.8548253430819462,0.7993318626471088
1285,1.0,0.8586636959322305,0.6994341783053863,0.7633319163788224,0.8144436824115275,0.7908471855497149
1286,0.0,0.7736194342980832,0.5865334547088074,0.7335310657672456,0.6525369995593697,0.6708966295220868
1287,1.0,0.815456561797706,0.6555254356803064,0.7102495631436854,0.6925838412241666,0.7211886129007263
1288,1.0,0.9647150386809981,0.8352347418270282,0.9039321276477441,0.9420082872350528,0.9139860225810263
1289,1.0,0.8925745282364402,0.7574865903439485,0.8942986244043032,0.8766159356625408,0.8422256847476431
1290,0.0,0.812114932045345,0.5784398816651936,0.5240458710487127,0.8755522715636336,0.755369028424724
1291,1.0,0.77969687892622,0.6014799258954412,0.5087449269399543,0.685293225133098,0.6888233433182531
1292,1.0,0.7389500628583273,0.5259643043861363,0.506094005348578,0.6871292037314205,0.6506811903252947
1293,1.0,0.7595679953005253,0.6594384280429502,0.8276644080164813,0.7416468840543426,0.720217769132606
1294,0.0,0.1319684418332951,0.26911240578831885,0.1451929022333827,0.30199860707056353,0.23435981823072582
1295,0.0,0.00958690655719179,0.07763677400470427,0.006049761190006493,0.06053565908964044,0.04925311321717884
1296,1.0,0.945696968770316,0.7032518641063777,0.7772184491660121,0.8932398655038405,0.8473962327935114
1297,1.0,0.6908110642583578,0.5864089399296788,0.6166748175972814,0.5037376083785436,0.5936525375221934
1298,1.0,0.6367322704868004,0.7596849803495559,0.7583929931951189,0.7708130064302067,0.7224100857555209
1299,1.0,0.5987625535187748,0.649841673963261,0.6719032030465784,0.8666138177341661,0.7050726817387339
1300,0.0,0.6915563598013164,0.482038582287762,0.39482961531974253,0.6998928947979631,0.6244959456290139
1301,0.0,0.07087038166377646,0.12728216886120042,0.0,0.014019933434732054,0.07072416131990299
1302,1.0,0.9126559367941137,0.883597074846711,0.9667315925482665,0.927238515844471,0.9078305091617653
1303,1.0,0.9182911288752351,0.8305847631025872,0.7666287980526422,0.9234427298403818,0.8907728739394013
1304,1.0,0.7384743601769593,0.557922151272659,0.5316023479547868,0.5601507538014978,0.6188490884170387
1305,0.0,0.71623406539623,0.488800927456175,0.5303143483070777,0.517413330067425,0.5741494409732767
1306,1.0,0.8489217621414726,0.6559454278120131,0.8270290575283595,0.8460885162176547,0.7836519020570467
1307,0.0,0.5071203558916556,0.4454607797827871,0.5660294281435088,0.6005386535199869,0.5177065963981432
1308,1.0,0.9825125511797548,0.8290004770816486,0.8772319127088143,0.8830729862969807,0.898195338186128
1309,1.0,0.7792143994374521,0.7210594976568789,0.7667261539524384,0.8203121579850159,0.773528685026449
1310,1.0,0.442585606341868,0.34270772278924605,0.23485868383422234,0.525878368828282,0.43705723265313207
1311,0.0,0.03365102976079477,0.11046105216633034,0.0,0.029798951162690945,0.05797034436327201
1312,1.0,0.9288263193345656,0.7044100477440268,0.8309587821028797,0.8579912724910562,0.8304092131898829
1313,1.0,0.7465835305489857,0.6465004823808157,0.667647510770173,0.8476597829323395,0.7469145986207136
1314,1.0,0.8836606368906229,0.8115981146318263,0.9268276158582982,0.8816425479021367,0.8589670998081953
1315,0.0,0.9254019884994729,0.8474841144214028,0.9804506040864458,0.8720834868681417,0.8816565299296725
1316,1.0,0.3875393564324898,0.5428858627875163,0.655429023424449,0.6693447100142736,0.5332566430780933
1317,0.0,0.8311898859522082,0.7489558249116987,0.8281556061693961,0.7480075755292184,0.776051095464375
1318,0.0,0.6902170800478369,0.6060251771157953,0.716366182618838,0.8031791350231758,0.699807130728936
1319,0.0,0.7974907182148138,0.7946629347169578,0.8855081979935386,0.8858014588999011,0.8259850372772242
1320,1.0,0.6764731226692974,0.6705584254780221,0.7448810326884961,0.7800504797143782,0.709027342620566
1321,1.0,0.9728991633857806,0.9276589759080176,0.9852226732341879,0.9240921612587897,0.941550100184196
1322,1.0,0.8696372412891413,0.7749556528831475,0.829742647938941,0.8284244243419122,0.8243391061714004
1323,1.0,0.7390693210466951,0.6421944169052497,0.7697714799512063,0.7457437355220783,0.7090024911580076
1324,1.0,0.626644229554809,0.7664313713891735,0.9291410138079839,0.9037742994346939,0.7656166334595588
1325,1.0,0.689674036703623,0.723189065039216,0.8122968596061028,0.6868518825357505,0.6999049947595298
1326,0.0,0.1246251653128024,0.2005968166735678,0.06141212242676489,0.08165919238642116,0.1356270581242638
1327,1.0,0.8095046581461023,0.8034468309211066,0.9338637282261371,0.8716683679127367,0.8282066189933152
1328,1.0,0.9107573293893393,0.890793335894784,0.9964460821379327,0.9423350105549828,0.9146285586130354
1329,1.0,0.8127192046916372,0.6205304818827274,0.6479119380372493,0.6795289843859456,0.70425955698677
1330,1.0,0.6767404478517374,0.5971338650001187,0.6302452536794385,0.8073849894050786,0.6937531007523114
1331,1.0,0.88275490221918,0.763007048766522,0.9231552096300096,0.8813176359718141,0.842359862319172
1332,1.0,0.6515749017723201,0.6159606128321125,0.7028478170943783,0.6565215915187577,0.64135236870773
1333,1.0,0.8893377049906593,0.7747992373970812,0.9414928614538995,0.8385953768125463,0.8342441064000957
1334,0.0,0.020584087035219186,0.0969914614040491,0.002685013907098134,0.029022450284276163,0.04886599957451482
1335,1.0,0.6808998750161664,0.5991287560805594,0.7762576413432376,0.6431563586846203,0.6410616632604488
1336,1.0,0.5543628580656315,0.45409001927214954,0.4729089140781359,0.3650794058281709,0.45784409438865065
1337,1.0,0.8081359114065298,0.7696395118762557,0.9468910260293718,0.8961842803973928,0.8246532345600595
1338,0.0,0.8603065040334397,0.7869764617882253,0.9382149572008897,0.890526737795808,0.8459365678724909
1339,1.0,0.8867269616540429,0.7824905630701849,0.8980259114609429,0.8751411070365065,0.8481195439202448
1340,1.0,0.8640901322218034,0.5662242943455034,0.6037457536864547,0.79813291392125,0.7428157801628522
1341,1.0,0.9139419976543286,0.7341104802589049,0.8032660234858553,0.7490168171731725,0.7990230983621354
1342,1.0,0.9458611852008326,0.8787511389412979,0.9886427713363617,0.9018023115275119,0.9088048785565475
1343,0.0,0.5392884397476166,0.477457184806225,0.5195011645626043,0.5413240482359521,0.5193565575965979
1344,0.0,0.007390867644285881,0.10808724621611406,0.0,0.06053565908964044,0.05867125765001346
1345,1.0,0.7946816324924351,0.7737708789634488,0.9158536835771598,0.8917554180657918,0.8200693098405586
1346,1.0,0.9431815573890654,0.8409770144138778,0.9470713575205366,0.9083311937827783,0.8974965885285737
1347,1.0,0.9273368194255158,0.9004662961364939,0.9630593552871013,0.9733714013812452,0.9337248389810849
1348,1.0,0.9239458652173342,0.8434525406074281,0.8685956213978,0.9188539603243008,0.8954174553830211
1349,1.0,0.8426585526075774,0.793065146287513,0.8441317454419904,0.8899674067319301,0.8418970352090067
1350,1.0,0.7792537675571513,0.675868177989081,0.7006138267346942,0.7371208818964637,0.7307476091475653
1351,1.0,0.7164834338984054,0.5613877616156603,0.6189768307589044,0.6063576680723355,0.6280762878621338
1352,1.0,0.7133068296615422,0.7596963111393404,0.8630373589502537,0.9082080475193022,0.793737062773395
1353,0.0,0.012347053297364522,0.06323351839574654,0.0,0.05275361129316204,0.04277806099542437
1354,1.0,0.9862683308133184,0.9288343031998473,0.9964470603158191,0.9542623328106402,0.9564549889412687
1355,1.0,0.8881584366634948,0.804631554646427,0.9329410663556338,0.8710232221723547,0.8546044044940921
1356,0.0,0.6470215942149952,0.5950093091674417,0.7212952653314062,0.6223733762738493,0.6214680932187621
1357,1.0,0.8914605495145836,0.8018966523898411,0.9585781065037733,0.9567714315626207,0.8833762111556819
1358,0.0,0.8885760426790428,0.4868244600621013,0.6915870429288414,0.904024776637431,0.7598084264595251
1359,1.0,0.8444991517150989,0.6860815898745113,0.7174626212997348,0.7765191686410222,0.7690333034102109
1360,0.0,0.06472519906568747,0.13895921488751098,0.0014666298447932652,0.08187738798188895,0.0951872673116958
1361,1.0,0.5614602515193481,0.5861536371117271,0.8043053217359594,0.7385369306466031,0.628716939759226
1362,0.0,0.5263532226662413,0.5856334792024674,0.5069399256073978,0.6496174772429606,0.5872013930372231
1363,1.0,0.7932448534555533,0.7188016757010388,0.7709969824141657,0.8393682465001124,0.7838049252189015
1364,1.0,0.9670074498998515,0.9125121159730782,0.9915191011235956,0.9458972634567666,0.9418056097765654
1365,1.0,0.8660833852319221,0.7889451444123019,0.8744170591157344,0.8563299013604156,0.8371194770015465
1366,0.0,0.7947657655218809,0.7314041794143938,0.6927486519925786,0.846953978079832,0.7910413076720356
1367,0.0,0.7221153280757195,0.5260955988002619,0.6287352640553091,0.6503955547899292,0.6328688272219702
1368,1.0,0.8240580866532818,0.7128083049093267,0.8159152484685047,0.8272350822610849,0.7880338246078978
1369,1.0,0.9652928765364778,0.898641744041917,0.9893185546793553,0.9266695352814871,0.9302013852866273
1370,1.0,0.781272047147422,0.7973029478984256,0.8650307284010003,0.9146981653847323,0.83109105347686
1371,0.0,0.04013437553908349,0.1335268103446411,0.0014058426966292135,0.03440944943869591,0.06935687844080683
1372,1.0,0.8794071098142306,0.747310379135715,0.7264696783365122,0.9437807130824213,0.856832734010789
1373,1.0,0.8087468069936614,0.7076113516064144,0.6993433782434002,0.9282312059159099,0.8148631215053287
1374,1.0,0.8152868781486304,0.723368602470921,0.9132126781106975,0.8475817753607854,0.7954124186601123
1375,1.0,0.7521682142614257,0.6914734189615196,0.8332501481882708,0.8139556362518525,0.7525324231582659
1376,0.0,0.9167008146757506,0.8565015796553632,0.9614985559419754,0.9212733426953978,0.8981585790088372
1377,1.0,0.5846321817737815,0.5622993089634083,0.6127627999680458,0.7499438346650374,0.6322917751340756
1378,1.0,0.6392313876778527,0.7442200021024418,0.7242886857144869,0.8432621610080427,0.7422378502627791
1379,0.0,0.8871646731248704,0.7472478825054103,0.8615452837031119,0.8371655800197039,0.8238593785499949
1380,1.0,0.9100069819031978,0.6322553729886619,0.6430026459147825,0.8195960549509916,0.7872861366142838
1381,0.0,0.029130827640724607,0.11327479885368126,0.0,0.029798951162690945,0.05740152588569894
1382,1.0,0.5873416979805269,0.6819964375992421,0.7023777642052214,0.6196046403307615,0.6296475919701768
1383,1.0,0.7999577242646662,0.7716409661578156,0.9167162043347232,0.9517141145859936,0.8411042683361584
1384,1.0,0.9766156856320559,0.8070600956707328,0.9457092748971963,0.9141150493453205,0.8992636102160364
1385,1.0,0.8269884709908715,0.6812900987160961,0.7780191649629017,0.7955151001520464,0.7679312232863381
1386,1.0,0.6933008029167427,0.5780277808865182,0.4954847199788785,0.737803068120628,0.6697105506412964
1387,1.0,0.7962909485241935,0.6721466041379536,0.6605143755542147,0.7560007929728768,0.7414794485450079
1388,0.0,0.011037247280652718,0.035837903280413544,0.0,0.03362751788037567,0.02683422281381398
1389,1.0,0.48448333419281947,0.46493755060031405,0.4561169795605766,0.4920933973450809,0.4805047607127381
1390,1.0,0.7966362099028609,0.6635649200611523,0.7218721769066795,0.8362882363595362,0.7654964554411832
1391,1.0,0.942438063310276,0.8677155593207293,0.9674402013240754,0.9073114584078378,0.9058216936796143
1392,1.0,0.8004742511239983,0.771563420906263,0.7753562320961932,0.8922152791466393,0.8214176503923002
1393,0.0,0.34910367054930225,0.528687959564935,0.6501173848405718,0.5475442578888255,0.47511196266768757
1394,1.0,0.9104910666235092,0.7391293138234505,0.890185893305521,0.9112423474142763,0.8536209092870787
1395,1.0,0.8473370787406692,0.7134840676927885,0.7462188189901051,0.7955432549854321,0.7854548004729632
1396,0.0,0.007524352322080135,0.03134611344945645,0.0,0.06053565908964044,0.03313537495372568
1397,1.0,0.92064936397822,0.692264665884708,0.7639455967254116,0.7910559776569396,0.8013233358399559
1398,1.0,0.8528960175762976,0.7425803704387866,0.8892562751116274,0.808897798635999,0.8014580622170278
1399,1.0,0.8722032119577611,0.6462939585374616,0.7103270005099749,0.5908681322511985,0.7031217675821404
1400,0.0,0.8078447437056577,0.7291640379493346,0.8711958521662806,0.786818648371992,0.7746091433423281
1401,0.0,0.037703140082595614,0.14436904352056149,0.0714225159921815,0.10957935486210171,0.09721717948841961
1402,0.0,0.8266629231323326,0.6505935919805785,0.8197987930588996,0.7562866489833684,0.7445143880320932
1403,1.0,0.8593154446475878,0.7610134221212719,0.7339352422832038,0.9150197642916537,0.8451162103535044
1404,1.0,0.9094665766923831,0.8592992811658058,0.9634716287367593,0.9072930836783597,0.8920196471788495
1405,0.0,0.7733722367920399,0.5522059296856788,0.5666407296732667,0.6176667612857997,0.6477483092545061
1406,1.0,0.895758053382985,0.866655609367099,0.9923441914302968,0.9019048617664718,0.8881061748388519
1407,1.0,0.7040928644428016,0.5915220626360042,0.7341225670994384,0.6421737081140144,0.6459295450642734
1408,1.0,0.8008018493803621,0.675941362592846,0.6717879980751216,0.6736070032186716,0.71678340506396
1409,0.0,0.7438110239583107,0.7653796390852066,0.9246273776843233,0.8957091413855233,0.8016332681430134
1410,0.0,0.4067999374037255,0.4968061323510187,0.523966455428519,0.6538135332362798,0.5191398676636746
1411,1.0,0.7644044623094596,0.7149342062880705,0.7110818721791855,0.8707054936648968,0.7833480540874755
1412,1.0,0.6081356160601837,0.6763672147236787,0.6711350103488298,0.6728151908894008,0.6524393405577543
1413,0.0,0.5679745469341363,0.5948236823714864,0.69814035103558,0.5861788385289504,0.5829923559448577
1414,0.0,0.003986854158897277,0.06520446521951472,0.0,0.029971194334720515,0.03305417123771084
1415,0.0,0.5689611941534783,0.6289713295338691,0.4969732715289742,0.6672840960666776,0.6217388732513417
1416,1.0,0.6945416250193985,0.7056433284294615,0.7527939849772367,0.8430425973540695,0.7477425169343098
1417,1.0,0.8469377917374914,0.8243771320778525,0.9445486542574221,0.835916205885273,0.8357437099002056
1418,0.0,0.03294136606887761,0.09943346716706175,0.0,0.04102303729223492,0.057799290176058095
1419,1.0,0.765882612573529,0.7295526748100241,0.7990584104118106,0.8634706635346898,0.7863019836394143
1420,1.0,0.5621105442361871,0.5676092895129177,0.467044723001743,0.6731060189068333,0.6009419508853127
1421,1.0,0.6920170057680203,0.6074658610558213,0.8107996237225993,0.7559370087302772,0.6851399585180395
1422,0.0,0.7011615083822933,0.5721910710221063,0.3981948915854564,0.4980440210696069,0.5904655334913355
1423,0.0,0.1648829069633251,0.520912056145236,0.47699178225279476,0.4688740463491156,0.3848896698192255
1424,0.0,0.01046979765528633,0.0970488630187882,0.0,0.012765758893502208,0.04009480652252558
1425,0.0,0.02268307181503646,0.0877757077330449,0.0004270520861739842,0.055099526490937745,0.05518610201300636
1426,0.0,0.7008604936655307,0.5223930404389775,0.585482420593689,0.694381439709306,0.639211657937938
1427,0.0,0.633107385635258,0.4240331141330239,0.3074643119024686,0.49125539514228594,0.5161319649701893
1428,1.0,0.87703684933755,0.739505951964568,0.9338681727721955,0.7428170375311843,0.7864532796111008
1429,0.0,0.6346020869966609,0.5950139037238982,0.8239079922077557,0.7951443540940187,0.6749201149381925
1430,1.0,0.9124657907820368,0.8044894120878628,0.9054207213454923,0.9020813221714405,0.87301217501378
1431,1.0,0.9089044003913096,0.7969318553770942,0.8566223092237745,0.8133778940757985,0.8397380499480674
1432,1.0,0.8705790628958269,0.7296111842781522,0.9502125032484474,0.9118498629455677,0.8373467033731822
1433,0.0,0.022598624521742012,0.11833149057067016,0.0007038202247191013,0.03362751788037567,0.05818587765759595
1434,0.0,0.9781105346703124,0.6860368883306126,0.7845992013247463,0.930372581434946,0.8648400014786236
1435,0.0,0.8434790610694213,0.8236005795197299,0.9228010598217329,0.942495287753962,0.8698583094477045
1436,1.0,0.8078181709176483,0.7756650970326849,0.8442509418420431,0.933950976068101,0.8391447480061447
1437,1.0,0.7748856649012277,0.7294886483423723,0.9515758873127895,0.8845658383399562,0.7963133838611854
1438,1.0,0.9634105757829128,0.8965610742573247,0.977088547623831,0.9540688953971259,0.9380135151457877
1439,1.0,0.8818663523545911,0.7042065791610542,0.747265344348099,0.8329333388444665,0.8063354234533705
1440,0.0,0.6572956525722004,0.5877054036471017,0.6237937670472463,0.6400177203606566,0.6283395921933196
1441,0.0,0.3754522851120378,0.4409655853377569,0.44444489023448086,0.396114946800886,0.40417760575022693
1442,0.0,0.8245087906242906,0.7825388745203109,0.8912612615789477,0.8598550212946601,0.8223008954797538
1443,0.0,0.024969470238409914,0.13666313088595114,0.0386054926382065,0.03664526964482697,0.06609262358972935
1444,1.0,0.7064174686701918,0.6266014780661373,0.7004713751369798,0.8761803750381058,0.7363997739248115
1445,1.0,0.7320836955727003,0.6033186301533525,0.850041154245963,0.7664542100714298,0.7006188452658275
1446,1.0,0.921157327555519,0.8322553469668843,0.8971575337083411,0.9399633828580727,0.8977920191268254
1447,1.0,0.9047688438195991,0.8578489429909084,0.9850091883815445,0.8971582705209104,0.8865920191104726
1448,0.0,0.005627991770270186,0.03962550406936032,0.0,0.01495862824093429,0.02007070802685493
1449,1.0,0.937192831629872,0.8484416724909691,0.927415651506157,0.8925358257826096,0.8927234433011503
1450,1.0,0.817080385428837,0.7497584186389418,0.7678069929342537,0.7544110858898468,0.7737499633192085
1451,1.0,0.456417080378548,0.506889539368006,0.39430754725442274,0.6324604998349693,0.5319223731938411
1452,1.0,0.8962873625657715,0.8155007326584315,0.9728404744749921,0.9188339160505421,0.8768740037582484
1453,0.0,0.12050639461236354,0.10893351898612963,0.0,0.029798951162690945,0.08641295492039469
1454,1.0,0.8480201213165126,0.6085820851179886,0.8132580027946549,0.7673532369346726,0.7413184811230579
1455,0.0,0.009263046644407255,0.06112809665006177,0.0,0.029798951162690945,0.033396698152386654
1456,1.0,0.4960440591269161,0.5585563360780451,0.5958992733819455,0.7894914851605052,0.6146972934551554
1457,1.0,0.6443419224723202,0.5679848511808882,0.6698977070593801,0.5294018651737716,0.5805762129423266
1458,1.0,0.8573272368097005,0.8057990782878574,0.8325515830756891,0.8775221543848971,0.8468828231608182
1459,1.0,0.8420555464182227,0.6425200161045312,0.740157252581572,0.8167306293057839,0.767102063942846
1460,1.0,0.9527052812285449,0.783675160790869,0.8010760348201897,0.7139252243523211,0.8167685554572449
1461,1.0,0.7115284798457553,0.5126277566237438,0.7549874894015998,0.675835732871003,0.6333306564468341
1462,0.0,0.024417610449817433,0.07119193536520552,0.01633814911616819,0.03362751788037567,0.04307902123179954
1463,1.0,0.8126119535609071,0.7036328697053394,0.8285241007824543,0.7921697001053469,0.7694715077905312
1464,0.0,0.6643353509136499,0.6011760012103928,0.7286789474352698,0.7798434397595919,0.6817849306278783
1465,1.0,0.7468945180436649,0.6791501779381883,0.7113124070961293,0.7982959418442719,0.741446879275375
1466,1.0,0.7766458536729632,0.6816701795682378,0.7640283552544395,0.6642898726705743,0.7075353019705918
1467,1.0,0.9499641375125463,0.8392106298441491,0.8847326404368253,0.9232577677715981,0.9041441783760978
1468,1.0,0.9068979240492776,0.7705520730230744,0.9040603319763412,0.8958921869404686,0.8577807280042734
1469,1.0,0.8075442475965061,0.585217371464619,0.6722974493778883,0.511430449329065,0.6347306894633967
1470,1.0,0.9069299196157115,0.7996802531906766,0.894231874784093,0.8879728718556664,0.8648610148873516
1471,0.0,0.08475624860387987,0.10092764061082446,0.0007029213483146068,0.02281436963857446,0.06949941961775959
1472,1.0,0.9827139541008458,0.9055870737953612,0.9822755979835435,0.9560065569163428,0.9481025282708501
1473,0.0,0.25960539705775776,0.40035875630593515,0.28219338354451146,0.28125706114304627,0.31374040483557974
1474,1.0,0.9686609860224725,0.837578613588066,0.9074831533794151,0.9019067750984081,0.9027154582363156
1475,0.0,0.21115443553611948,0.3572104586519903,0.20730530797798422,0.3687895086964845,0.31238480096153143
1476,0.0,0.6634253468773013,0.6944158050218473,0.7859704749266816,0.6444437520349016,0.6674283013113501
1477,1.0,0.8246005211747455,0.6973144639900772,0.7265346831331035,0.855183807312315,0.792366264159046
1478,1.0,0.9008376534327329,0.8109545966592235,0.9510028164576935,0.8699987732756708,0.8605970077892091
1479,0.0,0.020832626240816905,0.1119000059591058,0.00880487625859178,0.04129781759834281,0.05801014993275518
1480,1.0,0.8486723865239522,0.7317769818622198,0.8078994620968007,0.8813628032779307,0.8206040572213675
1481,0.0,0.023176883159372608,0.05743918785502351,0.0,0.06053565908964044,0.04705057670134552
1482,1.0,0.8648870242326975,0.8293323229409795,0.9813203389725819,0.9053705544613989,0.866529967211692
1483,1.0,0.24444703615954413,0.3915623166982648,0.3287990120369818,0.32517398112287765,0.32039444466022887
1484,1.0,0.8290836294987101,0.6683907768690749,0.810754847168451,0.7449508010655465,0.747475069144444
1485,0.0,0.019894530414021127,0.07804241147869434,0.0,0.055099526490937745,0.0510121561278844
1486,0.0,0.8800880168350868,0.7425177038236912,0.8452798150668969,0.9783947593248933,0.8670001599945572
1487,1.0,0.7724573888412318,0.6887422984730904,0.857250819092675,0.870317759094787,0.7771724821363698
1488,1.0,0.7413719683211909,0.6388973745370606,0.6284128178619056,0.7987745223641874,0.7263479550741464
1489,1.0,0.7784214530887174,0.7317280759567446,0.8315319160541106,0.8596713362487571,0.7899402884314064
1490,0.0,0.0029916657811991714,0.03445249953976872,0.0,0.029971194334720515,0.022471786551896133
1491,0.0,0.003555779759332115,0.04640695838385584,0.0018346925356121865,0.03362751788037567,0.027863418674521214
1492,1.0,0.9356708850878954,0.8350228423505756,0.9365120244462818,0.9209002939055075,0.8971980071146595
1493,0.0,0.005117689156900958,0.02688962936417535,0.11587853895825384,0.06053565908964044,0.030847659203572252
1494,1.0,0.9147265360288408,0.7897599573861452,0.7957640850810562,0.875869367140858,0.8601186201852813
1495,1.0,0.8117226733201184,0.6351355170020233,0.9113428636239215,0.8215658858557009,0.7561413587259476
1496,1.0,0.9513931812219021,0.8315904544651702,0.9263436958248296,0.9167133551857661,0.8998989969576128
1497,1.0,0.5821674583014992,0.6958132631327401,0.7713307817974093,0.6812725199945694,0.6530844138096028
1498,1.0,0.6881199471106602,0.5530374304174933,0.469364928694212,0.6219872481878075,0.621048208571987
1499,1.0,0.8498351668188978,0.7319118820096356,0.8673961934003814,0.7835678413476184,0.788438296725384
1500,0.0,0.06341623959629163,0.12755008067623158,0.019567582615514688,0.018247332976872692,0.06973788441646529
1501,1.0,0.8689296394786825,0.8118958783355459,0.8558449418557407,0.7993433557934941,0.8267229578692409
1502,0.0,0.5148848554213517,0.47400023125400587,0.5518757516091153,0.32419957272910516,0.43769488646815424
1503,1.0,0.8744922666088245,0.7472081611679624,0.9130210204418844,0.9437018082052033,0.8551340786606634
1504,1.0,0.7877654630552484,0.7140625958765331,0.8553991037200498,0.9238975802941032,0.8085752130752949
1505,0.0,0.7167075820749133,0.5801724224691263,0.5734985486972911,0.735709797793843,0.6775299341126275
1506,1.0,0.8535267095984206,0.6749079251562872,0.8034793833034348,0.6935859497388256,0.740673528164511
1507,1.0,0.9335579451075665,0.8614769856343939,0.9391111717371431,0.9180605953776149,0.9043651753731917
1508,1.0,0.8264408428110283,0.6382559913846197,0.6537355860454459,0.7398869035132065,0.7348612459029514
1509,0.0,0.6890373606320195,0.7120970793680951,0.8007749132707618,0.7847727058075795,0.7286357152692314
1510,0.0,0.523946231366088,0.563353843212923,0.455150224383063,0.4473027841262646,0.5115342862350919
1511,0.0,0.9395302268878877,0.6974752534534676,0.8088743871665289,0.9128570678193525,0.8499541827202358
1512,1.0,0.8943113738886543,0.7966761041363598,0.9486757571580395,0.895011098722842,0.8619995255826187
1513,1.0,0.8886335703103538,0.8037062822595591,0.8940357925660993,0.8584088126930182,0.8502495550876438
1514,1.0,0.6761810035890856,0.5788092365291156,0.568434403702405,0.7843422175651619,0.6797774858944544
1515,1.0,0.8215627673938452,0.6787149691461738,0.8587101376655338,0.738465455545296,0.7462477306951049
1516,0.0,0.44420638853406735,0.4455842779026524,0.4622286965642906,0.3202268691043972,0.40333917851370565
1517,0.0,0.011717794402885683,0.09243267091380929,0.0,0.029971194334720515,0.04470721988380516
1518,1.0,0.9094507653918755,0.8223906903321847,0.9016880944340403,0.9199184770537692,0.8839199775926098
1519,0.0,0.040366283286504615,0.06349949171450284,0.20888355505985506,0.03362751788037567,0.045831097627127705
1520,1.0,0.603118946405221,0.5289986240025745,0.487155672108339,0.5311181799125152,0.5544119167734368
1521,1.0,0.7111042382096615,0.7340160117443264,0.8782376024219605,0.8820613248183313,0.775727191590773
1522,0.0,0.007359465265952065,0.07985727001960692,0.0,0.029798951162690945,0.03900522881608331
1523,1.0,0.8322141418645882,0.803474622871877,0.8536160602411933,0.907805853797791,0.8478315395114188
1524,1.0,0.4068589864952415,0.37480553371282566,0.17663974394856843,0.5639857618889452,0.4485500940323375
1525,0.0,0.011582209360172348,0.07389984381064141,0.019628081614643817,0.035824619979974714,0.04043555771692949
1526,1.0,0.8789208151291179,0.8000737633408387,0.9385319862486121,0.8526963406250482,0.8438969730316682
1527,1.0,0.778129429834747,0.7555870426081691,0.8904111191165812,0.8109535086686653,0.7815566603705272
1528,1.0,0.5758482521032493,0.5600141165676603,0.6033880003591207,0.4985307345969803,0.5447977010892966
1529,0.0,0.013118088262098024,0.06711460620232552,0.0,0.06053565908964044,0.04692278451802132
1530,1.0,0.7868682849554168,0.5689340435791886,0.6363887333970448,0.7409177951460033,0.6989067078935363
1531,0.0,0.024343550017671255,0.09562757435188511,0.0,0.06053565908964044,0.060168927819732265
1532,1.0,0.9567689524965166,0.794859664361987,0.9694336688826852,0.9243408416289509,0.8919898194958181
1533,1.0,0.737292484156866,0.7371794552135134,0.9011574035527032,0.8875442573574149,0.7873387322425982
1534,1.0,0.9649906465307896,0.8094483296882798,0.8791625321327569,0.8855500406986934,0.8866630056392543
1535,1.0,0.8654556250384813,0.7430259731552036,0.8357147812731385,0.7770462210919236,0.7951759397618695
1536,0.0,0.8643045559969617,0.6961305348906304,0.8241440176570677,0.8715921722899319,0.8106757543925079
1537,0.0,0.8364892343914297,0.7172352805232199,0.8370746080818985,0.8382746301396704,0.7973330483514399
1538,1.0,0.8632048139635213,0.6929094480558772,0.8178025562719329,0.9065548302765479,0.8208896974319821
1539,1.0,0.8101543656915728,0.7208929455170872,0.8852070228212223,0.8426450130318427,0.7912307747468342
1540,1.0,0.8165285737134576,0.5968876832585671,0.5290524751733995,0.8757819032139703,0.7630660533953316
1541,1.0,0.7559720103500042,0.3606381885029851,0.26024675181729207,0.6966085718153378,0.6044062568894423
1542,1.0,0.5741014918762521,0.44217642054633716,0.2077777881987036,0.3432253419053946,0.4531677514426613
1543,0.0,0.6657097689848726,0.6619094782489086,0.7360062576901952,0.8258828868815833,0.7178340447051216
1544,1.0,0.8034418762422081,0.5227018465822151,0.5545064403142456,0.584828625414165,0.6369907827461961
1545,1.0,0.7507052824810042,0.5962499313144063,0.6442824325413458,0.8217154605538778,0.7228902247830962
1546,1.0,0.7769711978754169,0.666372146523763,0.6868354262886222,0.8442469997217485,0.7625301147069762
1547,1.0,0.47836142298619916,0.565397995933615,0.7166700780189786,0.5217040341800606,0.5218211510332916
1548,1.0,0.6202117800789437,0.5943608973859065,0.552985533597692,0.7861820807325125,0.6669182527324541
1549,1.0,0.8292286380149534,0.790815574325461,0.9007994924317293,0.8098297092428008,0.8099579738610717
1550,0.0,0.01487161454385959,0.098369942999133,0.0,0.029122081777291874,0.04745454644009483
1551,1.0,0.7709376710129531,0.715721885279098,0.8980507300405759,0.7384056000887059,0.7416883854602524
1552,1.0,0.9613801391247,0.8155926145598174,0.9844872499000458,0.952923298234187,0.9099653506395681
1553,1.0,0.8010925139179179,0.6518329254753711,0.7804027202609716,0.840594198318648,0.7645065459039792
1554,1.0,0.7985814492980322,0.7520191292845757,0.869759903629532,0.852581599395946,0.8010607259928513
1555,1.0,0.9412337432774361,0.8927965791133294,0.9775643679315793,0.9646797186432065,0.932903347011324
1556,0.0,0.00604169623611282,0.054082649793211826,0.0,0.029971194334720515,0.030031846788015057
1557,1.0,0.8514603127019611,0.6959868399183026,0.8431765163759255,0.8519999445614057,0.7998156990605564
1558,1.0,0.8867903738628782,0.6784430773383475,0.739002363741171,0.8424845300442972,0.8025726604151743
1559,0.0,0.0036877814623492143,0.08448441407002366,0.0,0.029798951162690945,0.039323715565021275
1560,0.0,0.00101493728611697,0.04229231447738985,0.0,0.029971194334720515,0.02442614869940911
1561,1.0,0.6480422636954599,0.5914701074155743,0.5338588018632116,0.7560401777679192,0.6651841829596511
1562,0.0,0.008194363879202023,0.08038985989221226,0.0014076404494382025,0.03362751788037567,0.040737247217263316
1563,0.0,0.5855937512082338,0.50823057051164,0.3128521253252582,0.583903328745912,0.5592425501552619
1564,1.0,0.6089627995217552,0.5307871015088138,0.4551611534446922,0.5533645734436052,0.5643714914913914
1565,1.0,0.9315806121204503,0.7916056245077993,0.9067531170845471,0.8937320776091933,0.8723061047458143
1566,1.0,0.91357432675733,0.9127302794549447,0.9938565043031317,0.9456633109489272,0.9239893057204007
1567,1.0,0.5685707202683278,0.5443365664454097,0.5806759086101172,0.6952954790563548,0.6027342552566974
1568,0.0,0.0038283141887458464,0.053806915219386985,0.0025583424209378418,0.029857682282849806,0.029164303896994214
1569,0.0,0.01858710519874616,0.06874030812778957,0.0,0.06053565908964044,0.049287690805392054
1570,1.0,0.7126190610558064,0.532889473042342,0.6953761019591969,0.6653783259651197,0.6369622866877561
1571,0.0,0.5150394104063413,0.48246720191132036,0.2722719971327985,0.5667310235884608,0.5214125453020407
1572,1.0,0.8522425750424208,0.7385671663526839,0.8002937829043193,0.914681337858704,0.8351636930846028
1573,0.0,0.01787811205070417,0.08040126336071085,0.0,0.029971194334720515,0.04275018991537851
1574,1.0,0.8395328679681917,0.677229449360727,0.7750964255121724,0.7805759465218515,0.7657794212835901
1575,1.0,0.8804070902750973,0.5134620217439992,0.44784583410478607,0.7625295357975126,0.7187995492722031
1576,0.0,0.014171328596058316,0.07745517372691389,0.0007038202247191013,0.03362751788037567,0.04175134006778263
1577,0.0,0.8001860813788871,0.6681169369114305,0.7951815133115175,0.6612357464037649,0.7098462548980274
1578,1.0,0.6194379543124456,0.606700901539627,0.6655381164317586,0.6586263873028237,0.6282550810516322
1579,1.0,0.68463514909835,0.589767839195676,0.7852405464341595,0.7252762110463271,0.6665597331134511
1580,1.0,0.6811221381991506,0.6545841785332782,0.6538875315587473,0.8128690202048134,0.7161917789790807
1581,1.0,0.9215703881286683,0.9106066173206324,0.9907034063773527,0.9262426683958299,0.9194732246150435
1582,0.0,0.004831583828867167,0.04996126768005486,0.0018322331001188537,0.06053565908964044,0.03844283686618749
1583,1.0,0.4223034644366094,0.5141552257979993,0.45048490069906005,0.7520076814427549,0.5628221238924546
1584,0.0,0.8304320362614577,0.7996007724757557,0.9442571672486219,0.8352294526474958,0.8217540871282365
1585,1.0,0.6732175040734133,0.5975979630937761,0.6229650536388329,0.716860789020618,0.6625587520626025
1586,1.0,0.8646256764265593,0.8400037661161555,0.9773511290135748,0.9436685221030722,0.8827659882152624
1587,1.0,0.9567864169956218,0.7547638025587691,0.9322332687707742,0.9064330924616498,0.8726611040053469
1588,0.0,0.6344431376169878,0.6289940248345022,0.6432059888423102,0.5559696689381156,0.6064689437965352
1589,1.0,0.9317867780632341,0.8075172776999209,0.8600870250827414,0.913581948931931,0.8842953348983619
1590,1.0,0.7965814382095348,0.7654895248637466,0.7771905072630209,0.7889900598596566,0.7836870076443126
1591,1.0,0.944226730105089,0.7240762862465485,0.8701067118515828,0.8604419640739428,0.8429149934751935
1592,1.0,0.6563873189615989,0.6525690770624099,0.5244640834155073,0.7445251312342284,0.6844938424194124
1593,0.0,0.024249414081187692,0.17210210999709516,0.0022586235036084934,0.06053565908964044,0.08562906105597444
1594,1.0,0.6261896941913505,0.479997009528344,0.4605251297208307,0.4634880303534152,0.5232249113577032
1595,1.0,0.6304063025266763,0.7049918823829512,0.5790304953342932,0.8514101495971198,0.7289361115022491
1596,1.0,0.889485956597195,0.768898869822016,0.8323664040285897,0.76191782541425,0.8067675506111537
1597,1.0,0.8834671333647598,0.760404833277475,0.8501266793256028,0.9077575570829446,0.8505431745750598
1598,0.0,0.006600876788547361,0.07254741802197565,0.0,0.03775754210741927,0.03896861230598076
1599,0.0,0.02773845325535892,0.08340954288667209,0.0,0.06053565908964044,0.05722788507722382
1600,1.0,0.8295343275099352,0.7913684164147067,0.9535250616796233,0.8826487447943067,0.8345171629063163
1601,0.0,0.004220616623087277,0.09672836161930669,0.0025385127603312877,0.055099526490937745,0.05201616824444391
1602,1.0,0.7063220611391356,0.6466252521621062,0.6108485580983956,0.788159641284439,0.713702318195227
1603,0.0,0.4159787810738127,0.4814271469216244,0.5779455502127437,0.5458755031284779,0.48109381037463833
1604,1.0,0.6173518130754461,0.5983452894722858,0.5294711647569643,0.7810635669325263,0.6655868898267527
1605,1.0,0.8152366503154137,0.6676600495348748,0.7966673134910762,0.807211111196603,0.7633692703489637
1606,0.0,0.014353419875382776,0.08261802465518399,0.0,0.0335016158209567,0.043491020117174484
1607,0.0,0.7219443985912543,0.6244321635908365,0.6476063364669568,0.835852510428141,0.7274096908700773
1608,1.0,0.6315669018867823,0.6434634405791914,0.8089388707274989,0.7681292211268094,0.6810531878642611
1609,0.0,0.021693789487432454,0.13848136821469656,0.014497273718647759,0.011708002016453542,0.057294386572860845
1610,0.0,0.2662842282171089,0.37611104543505014,0.27382439671563563,0.29773657962094785,0.31337728442436896
1611,0.0,0.005291795491072645,0.06713174061580604,0.0018346925356121865,0.03362751788037567,0.03535035132908478
1612,0.0,0.7820617526458515,0.6898967505819761,0.883984997824072,0.7043279472117684,0.7254288168131987
1613,1.0,0.8355871247246625,0.8368787252832849,0.9610053395297475,0.9217898512626572,0.8647519004235349
1614,0.0,0.6423898713465569,0.4532211478027648,0.5282815778894484,0.42894874698857133,0.508186588712631
1615,1.0,0.8133266995862266,0.7060149544662154,0.6716780431634646,0.8763235395744379,0.7985550645422933
1616,1.0,0.9019425920823071,0.7715172064650098,0.8583036173763928,0.8102893044940711,0.8279163676804626
1617,1.0,0.8173327614436328,0.7769523337890337,0.9076637246549962,0.870108334946835,0.8214644767265004
1618,1.0,0.8824144988100122,0.7890720331807298,0.9535045570586929,0.8955227522285074,0.8556697614064165
1619,1.0,0.7876829425605071,0.7586644978447513,0.9735963416375497,0.842521770010392,0.7962897368052168
1620,1.0,0.030164763943232333,0.09657190252490101,0.0,0.06053565908964044,0.06242410851925793
1621,0.0,0.6116174072927366,0.5545451040819842,0.5230335449252295,0.5629345780896922,0.5763656964881377
1622,0.0,0.5312916498387268,0.38745179727862855,0.5196755080708,0.6126293172346303,0.5104575881173286
1623,1.0,0.6344224891183546,0.5862879728658721,0.6419137322471168,0.6749462340356196,0.6318855653399488
1624,1.0,0.7144632157331392,0.6923479594780275,0.8356701265642519,0.7455271287571661,0.7174461013227775
1625,0.0,0.8020772588658609,0.7718565886901397,0.773892061655698,0.8724514293662202,0.8154617589740737
1626,0.0,0.705755103673115,0.6538139797234398,0.8773547015943253,0.8651410558980348,0.7415700464315299
1627,1.0,0.7807821758694686,0.6327032237476305,0.7504696696175105,0.7506283466149626,0.7213712487440206
1628,1.0,0.9279214297907612,0.6408409292238635,0.6458425685311703,0.793983888586493,0.787582082533706
1629,0.0,0.017450573863246797,0.07441625645771567,0.0,0.03362751788037567,0.04183144940044605
1630,0.0,0.8997532981173186,0.6578359232414286,0.7378565028016353,0.7279276337914808,0.7618389517167428
1631,1.0,0.8209738339419306,0.6788166154680162,0.7105388115059463,0.7801473877603454,0.759979279056764
1632,1.0,0.8009272177279718,0.7190275698054254,0.9340594032415698,0.8593701442826222,0.7931083106053398
1633,0.0,0.7928640384121263,0.68256092711271,0.8734490713502587,0.8690099901460683,0.7814783185569681
1634,1.0,0.7777929537494213,0.7009275823061227,0.8207307092565101,0.7766299324120148,0.7517834894891863
1635,1.0,0.8395369721991688,0.700065921935486,0.8346009722743143,0.7226307232038264,0.7540778724461603
1636,1.0,0.8345287928217783,0.8451388167060223,0.9773424762654527,0.899660889906324,0.8597761664780416
1637,1.0,0.7635991161694861,0.7725821669353822,0.9027856572591725,0.8110429925224713,0.7824080918757798
1638,0.0,0.018242086043683697,0.04290166732032174,0.0,0.03362751788037567,0.03159042374812703
1639,1.0,0.9313325463982296,0.8613407042962123,0.9798342630534462,0.9074506762451732,0.9000413089798718
1640,0.0,0.4882392656244727,0.5090939273870737,0.5465278030929889,0.7077551596163694,0.5683627842093052
1641,1.0,0.4644421422708437,0.5240095108074821,0.36737507940234726,0.5443026496972426,0.5109181009251894
1642,1.0,0.7851944071918774,0.7458014478754316,0.8417507556134216,0.8782193559990267,0.8030717370221119
1643,0.0,0.02299206931514014,0.07790897855511683,0.0004270520861739842,0.029798951162690945,0.043566666344315975
1644,1.0,0.9320608056208277,0.7801949409978282,0.897277275242749,0.9107193778930841,0.8743250415039133
1645,1.0,0.8955224714904525,0.8894230356464068,0.9275389156861393,0.9541789469147308,0.9130414846838634
1646,1.0,0.9609509454428072,0.9257778097379376,0.971515666119165,0.9287364683357149,0.9384884078388199
1647,1.0,0.8802716006873564,0.7869455842503804,0.9440901209341704,0.8037163726846562,0.8236445192074644
1648,0.0,0.03729892681239955,0.08626266814702604,0.0,0.019412413006330793,0.04765800265525213
1649,1.0,0.657883400238845,0.6013041917504114,0.45616301609983406,0.7367151669896557,0.6653009196596373
1650,0.0,0.0542254281321933,0.1508542830392241,0.028879269186197258,0.04782394515237959,0.084301218774599
1651,0.0,0.6465854087205812,0.5040259787995871,0.5007563768925837,0.6169240625184333,0.5891784833462005
1652,0.0,0.5359310133449311,0.42882085029765277,0.39532199054335593,0.3667487821404141,0.4438335485943326
1653,1.0,0.8097161650023498,0.7278572028239985,0.7292911347498724,0.7973468425707363,0.7783067367990282
1654,0.0,0.6221154509446895,0.5137513762851937,0.5619297902801433,0.7475655706099695,0.6278107992799509
1655,0.0,0.7090209701689719,0.5507118901341646,0.4901190653590389,0.5883563015881912,0.6160297206304426
1656,1.0,0.6379024566469622,0.6273842215956549,0.8249975981497721,0.6668605147597428,0.64404906433412
1657,1.0,0.8528218350830165,0.8862572076781025,0.9938519248345621,0.882195821289219,0.8737582880167793
1658,1.0,0.8240999044604487,0.8467088586032202,0.7980238340192374,0.969907095693233,0.8802386195856339
1659,0.0,0.7751062505482639,0.5454191444760138,0.6283844706978808,0.5772611779166348,0.6325955243136375
1660,1.0,0.8261641195418301,0.7355058792431908,0.8253210673974543,0.7689557042331032,0.7768752343393747
1661,1.0,0.6967061957633519,0.5516336977444236,0.4807329844496362,0.6580309548370759,0.6354569494482839
1662,1.0,0.5064344858525472,0.5378351925397177,0.533420763089176,0.6092740459339123,0.551181241442059
1663,0.0,0.002776988968730458,0.05982530741767553,0.0,0.029971194334720515,0.0308578302403755
1664,1.0,0.8817284181208667,0.8254796288411401,0.8634096669729305,0.9687093298969334,0.89197245895298
1665,1.0,0.6270073350799344,0.5336693918324125,0.6421088765160202,0.6663276019666213,0.6090014429596561
1666,1.0,0.8398358243077777,0.7585286747845345,0.8266356146067225,0.8391559107646571,0.8125068032856563
1667,1.0,0.6199431189580421,0.5408180272384697,0.7352350422737293,0.6611427314037628,0.6073012925334248
1668,0.0,0.6112849598183003,0.6222804488458149,0.764216584989638,0.7544645492607035,0.6626766526416062
1669,0.0,0.013718568015088728,0.10252022166859373,0.0011308723108930854,0.03362751788037567,0.049955435854686044
1670,1.0,0.8468391806292747,0.7633653923966611,0.82817001036565,0.848372232679932,0.8195256019019559
1671,1.0,0.772034151427814,0.6952655421927577,0.8427113823471399,0.8360700205848023,0.7677899047351247
1672,1.0,0.9410005867733602,0.7908581636910477,0.9117509224269016,0.8822764235010756,0.8713783913218278
1673,1.0,0.9405767833619728,0.7007678993839963,0.8770523118328264,0.8079904197861226,0.8164450341773639
1674,1.0,0.9607855320960177,0.8556108235686267,0.9852431164332819,0.8915973416432624,0.9026645657693022
1675,0.0,0.9525811005672049,0.7732006408464975,0.9768395501755891,0.9196055792483547,0.8817957735540191
1676,1.0,0.9139504790492975,0.7212883407872183,0.7547201120685616,0.8589552510277495,0.8313980236214218
1677,1.0,0.4559648877738021,0.5475867824415357,0.6377233282525534,0.7253441382703774,0.5762986028285717
1678,1.0,0.8577648521520287,0.6858413589716971,0.8992966389911358,0.8227379733448255,0.7887813948228505
1679,0.0,0.638103828369852,0.5500783965508289,0.5020422672567768,0.6049702001319212,0.597717475017534
1680,0.0,0.8913228397433313,0.7315135189131068,0.8380987121717589,0.8234447383186196,0.8154270323250192
1681,0.0,0.1714873428416412,0.17227882889437754,0.0035753938897370857,0.04873556731314056,0.13083391301638644
1682,1.0,0.7226533334130356,0.6162313384141236,0.7180409900697955,0.8346070308621848,0.7244972342297813
1683,0.0,0.023573800492963478,0.05868976927565436,0.0,0.029971194334720515,0.037411588034446115
1684,0.0,0.01182327603603494,0.0835367703890523,0.0,0.06053565908964044,0.0519652351715759
1685,1.0,0.6895928767673936,0.6441743202810932,0.6418857184618231,0.8406220226372291,0.7247964065619054
1686,1.0,0.714406452931449,0.6902878200445997,0.9179261682808433,0.7699973591493523,0.724897210708467
1687,1.0,0.9472494728323744,0.8219284283849726,0.9702732903966114,0.883683811505407,0.8842872375742513
1688,1.0,0.8397854642252702,0.5888805788700145,0.5559043698640717,0.6395935686569493,0.689419870584078
1689,1.0,0.6462788152367097,0.4741241604707857,0.40179724121902305,0.5252825652100893,0.5485618469725283
1690,1.0,0.530395752756596,0.45005815061054444,0.2918086478352111,0.3638123507083949,0.44808875135851184
1691,1.0,0.8775717016653559,0.8215264453958422,0.8249616086031498,0.849225099308314,0.8494410821231707
1692,1.0,0.844890615178721,0.719472725617508,0.8526234441993705,0.8333278707159102,0.7992304038373798
1693,1.0,0.9207865306868991,0.830677983042508,0.9092605670193461,0.9386247975176507,0.8966964370823526
1694,0.0,0.024626132903331346,0.0745519374703716,0.008469642453341832,0.05275361129316204,0.050643893888954995
1695,1.0,0.7615902302567622,0.8030049456024462,0.9410949884363851,0.797747574357751,0.787447583405653
1696,0.0,0.019154232871680336,0.10116723801870417,0.0,0.029798951162690945,0.050040140684358476
1697,0.0,0.03154307872137387,0.10984832297982765,0.04244108022006298,0.06053565908964044,0.06730902026361399
1698,0.0,0.012331309220030954,0.04273211585915807,0.0,0.055099526490937745,0.03672098385670892
1699,1.0,0.85713804166667,0.7487396669913958,0.8420298840277779,0.8436560672676957,0.8165112586419205
1700,0.0,0.5079104899713691,0.47862095772620405,0.4656063979879117,0.5120426928647756,0.4995247135207829
1701,0.0,0.01829562201988259,0.0997210119054013,0.0,0.013817574176540072,0.04394473603394131
1702,1.0,0.8495509150458731,0.6306112893562357,0.5171191602943405,0.8065385576773808,0.7622335873598298
1703,1.0,0.8750287444971923,0.8606493809811089,0.9666106084896008,0.9066297740681046,0.880769299848802
1704,1.0,0.7126618300508198,0.5219210665148114,0.4265082537874498,0.6001175779247868,0.6115668248301394
1705,1.0,0.5831127968577141,0.5969602118910856,0.36792871626235846,0.6763856319870698,0.6188195469119565
1706,1.0,0.9004802244919144,0.7048474690728912,0.661805363367558,0.8472817554640716,0.8175364830096257
1707,1.0,0.8648250472647299,0.8311995123077494,0.8302241858335953,0.9191651073090656,0.8717298889605148
1708,1.0,0.9075158769111435,0.7229858991775738,0.8641551295776847,0.853955696557855,0.8281524908821908
1709,1.0,0.9094845153003753,0.8659991941183175,0.9593141426910032,0.914948951187116,0.8968108868686029
1710,1.0,0.9869996585433913,0.8579779649960305,0.9930705545569677,0.9073149381298757,0.9174308538897659
1711,1.0,0.8916104089132623,0.8211726891214784,0.8952480034087492,0.9085802732383598,0.8737877904243668
1712,0.0,0.6030551457961287,0.6323941330105822,0.7148596531413558,0.7170696956034206,0.6508396581367105
1713,1.0,0.7488362955534734,0.6121836027172138,0.7248904892196472,0.7620904608028756,0.707703453024521
1714,0.0,0.823595325076405,0.6891053691342344,0.8906546703183785,0.857908451883504,0.7902030486980478
1715,1.0,0.8496175423368619,0.7342438114190987,0.886802369086348,0.7796640221070525,0.7878417919543378
1716,1.0,0.8219762434116485,0.655824792714172,0.7138312211415687,0.7297003119250979,0.7358337826836395
1717,0.0,0.7474837909490425,0.7364260090078436,0.877970403279461,0.8578880987425342,0.7805992995664734
1718,0.0,0.8263200121727386,0.656419363111298,0.9168180165983536,0.6341399850848676,0.7056264534563015
1719,1.0,0.8131344399216253,0.7346854918921559,0.9423162424519513,0.8734606669669557,0.8070935329269123
1720,0.0,0.03096064369274841,0.08433028609252612,0.0,0.029798951162690945,0.04836329364932183
1721,0.0,0.6492766931342986,0.6167242028454885,0.7587421932612113,0.7194443430750853,0.6618150796849575
1722,0.0,0.76481620140242,0.6005267721156409,0.6042691915535381,0.7502843580322838,0.7052091105167815
1723,1.0,0.7458178136774813,0.6311687138945783,0.7062736162445473,0.8393760440059846,0.7387875238593482
1724,1.0,0.6896084936360389,0.4602292886134394,0.5248552937226294,0.558977367229918,0.5696050498264654
1725,0.0,0.7117991185093491,0.4085390236892827,0.6942037909891803,0.5338306823874583,0.5513896081953634
1726,0.0,0.4411973752317341,0.5867987116320912,0.6965606658104334,0.7362764104652523,0.5880908324430258
1727,1.0,0.7986319553746123,0.7924011776305734,0.8458318433631639,0.8357741370152092,0.8089357566734648
1728,0.0,0.03985921774800651,0.10984763880108081,0.0,0.06053565908964044,0.0700808385462426
1729,1.0,0.8674184492756847,0.7261428842256014,0.8947550838627114,0.7878191016023114,0.7937934783678658
1730,1.0,0.8749893746286493,0.7709772808869764,0.7120857672533378,0.8869336306541309,0.8443000953899188
1731,1.0,0.8446936145761675,0.6828035125185457,0.8572461288762455,0.8530623461184156,0.7935198244043763
1732,1.0,0.9348788193854419,0.7748275206400076,0.928235670155103,0.819897001136059,0.8432011137205029
1733,1.0,0.8658906855907035,0.896557787642557,0.9806107363136508,0.928382543003646,0.8969436720789689
1734,0.0,0.008064021969427538,0.18131867740141214,0.0,0.029971194334720515,0.07311796456852006
1735,0.0,0.0038421542354930473,0.08679556858644565,0.007732134831460672,0.06053565908964044,0.050391127303859716
1736,1.0,0.9602000702207253,0.7367581437275192,0.9158375401452222,0.8947276317356927,0.8638952818946457
1737,0.0,0.029268682351380474,0.07426979178577862,0.006247003797381202,0.08187738798188895,0.061805287373016014
1738,1.0,0.6432462442006672,0.6804642047298622,0.756777327787536,0.7426702588984313,0.6887935692763203
1739,1.0,0.824642766072359,0.7732862551908326,0.8463336056341603,0.9049082452603192,0.8342790888411703
1740,0.0,0.7798451754567051,0.505415626649447,0.5243223171292452,0.5806270973046918,0.621962633136948
1741,0.0,0.668946967720483,0.529993676222587,0.6171243470484701,0.5690588584305374,0.5893331674578691
1742,1.0,0.6636895050991253,0.6090459265635362,0.7935743380213827,0.5523484333557567,0.6083612883394727
1743,1.0,0.7898241978002805,0.6709676500876369,0.8883088574286392,0.7029481181046755,0.7212466553308644
1744,1.0,0.8760237295962451,0.7632874580012217,0.7608654678550136,0.9113755646080779,0.8502289174018482
1745,0.0,0.017860346167259476,0.06387249866023167,0.0021114606741573032,0.05275361129316204,0.0448288187068844
1746,1.0,0.6299940561993813,0.596494593178143,0.5671073519332107,0.7589438257167387,0.6618108250314211
1747,1.0,0.8370812197612122,0.877849087907734,0.8292525376588383,0.9207673633392027,0.8785658903360497
1748,1.0,0.7890878176620076,0.6796080493005496,0.8922952732914137,0.8858155820318593,0.7848371496648056
1749,0.0,0.6723441399414253,0.7123558238633759,0.782115638283318,0.7402450854350225,0.7083150164132745
1750,1.0,0.8355658992256554,0.7719203105010493,0.6642463711126811,0.9292932437393108,0.8455931511553384
1751,1.0,0.8804843467765795,0.8494000660093864,0.9555392575016493,0.9144836796933757,0.8814560308264472
1752,1.0,0.8928192838297209,0.7576785715532647,0.8167534109631935,0.8717890560937961,0.8407623038255938
1753,1.0,0.9042311673209213,0.8230359919704042,0.9041888827342065,0.9085931192979304,0.8786200928630853
1754,1.0,0.701045547532561,0.5280759080567021,0.7911514861248704,0.6538925558580014,0.6276713371490882
1755,0.0,0.017697262186302805,0.1449695446758514,0.0,0.06053565908964044,0.07440082198393155
1756,1.0,0.8443982156446758,0.6182418973406849,0.6381462845449203,0.7952015893067497,0.7526139007640368
1757,0.0,0.4568131544749723,0.5150802711141798,0.47191932070190035,0.7859838899721391,0.585959105187097
1758,1.0,0.9885483461144111,0.8994235913704484,0.9689619418707904,0.9474397479196588,0.9451372284681727
1759,0.0,0.3916436061353529,0.33000081707509465,0.11626755883480568,0.3780984296462153,0.36658095095222093
1760,1.0,0.8359979320622225,0.7365022551797037,0.9209902304008919,0.7676646681172384,0.7800549517863882
1761,0.0,0.8442759026758461,0.7838126473419432,0.9464454288492629,0.8927442137537656,0.8402775879238517
1762,1.0,0.8858307500461019,0.7360170409860985,0.9420465629340026,0.7527108850464742,0.7915195586928916
1763,0.0,0.7781301543642735,0.5969768366622769,0.6445632119349963,0.8269182196260773,0.7340084035508759
1764,0.0,0.5112657104125685,0.4905420833209193,0.45222140492500484,0.6602164723799568,0.5540080887044816
1765,1.0,0.938618236707585,0.7986597655383793,0.9026271320242223,0.8973043779833247,0.8781941267430963
1766,1.0,0.8517992597758414,0.7810977759211771,0.8930632754716871,0.8768602109529858,0.8365857488833348
1767,1.0,0.5605195282325157,0.43457620067638847,0.34542892363342825,0.6313871772330557,0.5421609687139867
1768,1.0,0.9608647384412689,0.7545188141627217,0.9198185685091944,0.9133077345056537,0.8762304290365481
1769,1.0,0.7110183450643462,0.6472489768189642,0.8372574553017692,0.6715478739304617,0.6766050652712573
1770,1.0,0.7635343966431326,0.7107267812674394,0.8111575297084684,0.7278037568016458,0.7340216449040726
1771,1.0,0.7278226556675347,0.6025333101352464,0.7693198160157917,0.7776232588771177,0.7026597415599664
1772,1.0,0.8263928685416823,0.6667719498226873,0.6712314660602319,0.6799406584702549,0.7243684922782081
1773,1.0,0.8074873001514681,0.7756972850248661,0.9136326735019838,0.8832931495073867,0.8221592448945736
1774,1.0,0.8984925786799257,0.798067093180983,0.9085767225971788,0.9004976460635786,0.8656857726414958
1775,0.0,0.014625392418799744,0.14789207375822896,0.0,0.029798951162690945,0.0641054724465732
1776,1.0,0.8549795399441068,0.7774082018275134,0.809001115068909,0.8833710282782505,0.8385862566832903
1777,1.0,0.9195602417317522,0.7324706142361141,0.6945916451800298,0.8618521443663546,0.837961000111407
1778,1.0,0.7299435851127898,0.615772195221057,0.5860976727373841,0.7719939859375634,0.7059032554238035
1779,0.0,0.017083080728614232,0.08755765180654217,0.0,0.06053565908964044,0.05505879720826561
1780,1.0,0.7651126315185173,0.7878424965482796,0.9105312289041035,0.8612254027489328,0.8047268436052432
1781,0.0,0.0023945853921673835,0.07880524104400628,0.011696319949027728,0.06053565908964044,0.047245161841938034
1782,1.0,0.9569393235979621,0.7730722830255431,0.8780420905729014,0.8971168806486511,0.8757094957573854
1783,1.0,0.9447258840269998,0.7657280508369727,0.9570036888893136,0.8981503706195073,0.8695347684944932
1784,1.0,0.7967838020788024,0.6979392000271604,0.8875194563852621,0.8560051270358947,0.7835760430472858
1785,0.0,0.34040006687206614,0.5511162349480736,0.6271878661502144,0.6602334279621056,0.5172499099274152
1786,1.0,0.7388101146303767,0.6701106837893174,0.7637308131909885,0.7304665184006696,0.713129105606788
1787,1.0,0.8486912916821872,0.728627308703542,0.8251496684303327,0.8574985273378142,0.8116057092411811
1788,1.0,0.4193511089652357,0.550368130059745,0.6068317130053845,0.8026524769989675,0.5907905720079828
1789,1.0,0.8974316826554504,0.6923172295030663,0.6783293369970627,0.8201822923792808,0.8033104015125992
1790,1.0,0.6749908138545242,0.7287823813644104,0.7313806439507322,0.7337965666234917,0.7125232539474755
1791,1.0,0.9352801883967062,0.9127110465821295,0.9900128825997764,0.9667521264938572,0.9382477871575644
1792,0.0,0.821875475154003,0.8553842070942603,0.8161424822747952,0.8981756150949748,0.858478432447746
1793,0.0,0.010632816243319092,0.05537584838131512,0.0,0.06053565908964044,0.042181441238091553
1794,1.0,0.9927234973881041,0.8680763977914888,0.9725977982382165,0.9681101651800624,0.9429700201198852
1795,0.0,0.02751557437855336,0.1214064904006842,0.005486321579236463,0.06053565908964044,0.06981924128962601
1796,0.0,0.4615146495399832,0.4936091803227516,0.5818601418228554,0.4675291322146655,0.4742176540258001
1797,0.0,0.9361161701596479,0.8036940544233891,0.944257167248622,0.9367212942380096,0.8921771729403489
1798,1.0,0.5487365056431657,0.5190005682753981,0.5179832573826125,0.6826714242714084,0.5834694993966574
1799,1.0,0.7616350015294147,0.666127123312989,0.6789333398774212,0.817033651575005,0.7482652588058029
1800,0.0,0.5156235321806124,0.5774292007056183,0.637415193714411,0.8020933269335437,0.6317153532732581
1801,0.0,0.5087599763061433,0.4049973388422339,0.40805745956104084,0.6290366288123401,0.5142646479869057
1802,1.0,0.927724331687025,0.7210079686940998,0.7341339967529648,0.8253747266618926,0.8247023423476724
1803,0.0,0.005284542117924184,0.07403487018526582,0.005116684841875684,0.06053565908964044,0.04661835713094348
1804,1.0,0.7798237686879204,0.5770912229109013,0.7080958907188845,0.7522266284658609,0.7030472066882275
1805,1.0,0.9584932756960044,0.8353886206784138,0.9125752095423726,0.9126546556558683,0.9021788506767622
1806,1.0,0.8343787788197506,0.7367558629618957,0.7148744307411155,0.8814956498432813,0.8175434305416425
1807,1.0,0.9710753220953089,0.9279766446841397,0.9842021255273273,0.9245236779269239,0.9411918815687909
1808,1.0,0.7850527070606368,0.772280653487655,0.9318341359594524,0.8633329613192059,0.8068887739558326
1809,0.0,0.019076949870554107,0.08546032567962371,0.0,0.055099526490937745,0.05321226734703852
1810,1.0,0.754656748080434,0.6696625234613943,0.5901631246803536,0.6230320526157025,0.6824504413858437
1811,1.0,0.8815268656923552,0.7063773388678125,0.9023456838140226,0.8198299725614272,0.8025780590405316
1812,0.0,0.6101819449627518,0.5680578518097831,0.698063791369438,0.6228879226977745,0.6003759064901031
1813,1.0,0.7154383882627922,0.6653696288152195,0.7110749525237182,0.7541358060825382,0.7116479410535167
1814,1.0,0.8070898777707,0.7434446745930663,0.859094701715607,0.8405523802076823,0.7970289775238162
1815,1.0,0.8127395238690029,0.7827238863825293,0.8282146155799148,0.8535649005737979,0.81634277027511
1816,1.0,0.6625422565093579,0.5728470836541171,0.6233027279369425,0.5199386063660484,0.5851093155098411
1817,0.0,0.7572548083962531,0.7445239497849185,0.8995939273279575,0.8075301920816944,0.7697696500876221
1818,0.0,0.5930631766615323,0.5573269055964836,0.67874815508043,0.786755065845446,0.6457150493678206
1819,1.0,0.9352550473566166,0.7653165950113348,0.812585743794878,0.939957563717477,0.880176402028476
1820,1.0,0.9662496680754487,0.8753043544877657,1.0,0.9208327735987744,0.9207955987206629
1821,1.0,0.9106921977391572,0.8236384273467583,0.8319986975790098,0.9101936647923015,0.8815080966260723
1822,1.0,0.949524242174581,0.7441328295751335,0.7800460181674814,0.8608199712400174,0.851492347663244
1823,1.0,0.8127086128793718,0.7975844031913794,0.9538748810662209,0.8904824428697914,0.8335918196468475
1824,1.0,0.8233129321662436,0.7603878127721825,0.7902623991152564,0.8813761770943455,0.8216923073442572
1825,0.0,0.005664420060064497,0.06133929504876787,0.0,0.029971194334720515,0.03232496981451762
1826,0.0,0.01662687749155615,0.17184795946462564,0.0,0.02597704792437752,0.0714839616268531
1827,1.0,0.9018088063314839,0.8360652672316766,0.9749714011733658,0.9138042223681028,0.883892765310421
1828,0.0,0.7861175214946281,0.6947959182575053,0.6555239964286345,0.8219214758830033,0.7676116385450454
1829,1.0,0.9063865602703189,0.7421801444586059,0.9164124419056114,0.868009892492373,0.8388588657404327
1830,1.0,0.7862862261944269,0.6853654467397188,0.7241068256199438,0.735033238621218,0.7355616371851212
1831,1.0,0.8182076049766275,0.6233831307993032,0.7844110273272279,0.8064250099878232,0.7493385819212514
1832,0.0,0.8244791898164889,0.8265287016256407,0.8737582511411559,0.8948325992976263,0.848613496913252
1833,1.0,0.8200548287354562,0.768557531141829,0.8516036587940572,0.8695755902633878,0.8193959833802243
1834,0.0,0.659736781013382,0.6666645717091629,0.5412835036129926,0.6832529433051177,0.6698847653425543
1835,0.0,0.02827030406923662,0.13313527689219207,0.11191435384068682,0.06053565908964044,0.07398041335035636
1836,1.0,0.7372761637435674,0.6028648057426134,0.40074401698757733,0.7677271960384514,0.7026227218415441
1837,1.0,0.9219181361401524,0.8357832472138305,0.9147692060729427,0.8453530013654911,0.8676847949064913
1838,1.0,0.830409428468739,0.6260136172271121,0.668988500518872,0.6319985351268691,0.6961405269409068
1839,0.0,0.9129452419956455,0.7362992594958417,0.7888700327664739,0.8016374619689628,0.8169606544868167
1840,1.0,0.9469102744341972,0.7887450878061985,0.8968080136531839,0.91696100122246,0.8842054544876184
1841,1.0,0.7545541442787693,0.7675010896278492,0.9379378289452412,0.8764620102645871,0.7995057480570686
1842,0.0,0.6664036040093572,0.6998473382243453,0.8430777741080139,0.6619680013580795,0.6760729811972607
1843,1.0,0.9040427706171807,0.783171369470316,0.8132992811276067,0.875715307015735,0.8543098157010772
1844,0.0,0.947290264059236,0.820404851827366,0.9576583341213003,0.9204245089241312,0.8960398749369111
1845,0.0,0.8615651107575935,0.8506952726574084,0.882756809738988,0.8361685130279333,0.8494762988143117
1846,1.0,0.8391512262869957,0.7121735625665255,0.8135152366695937,0.8803387150440415,0.8105545012991876
1847,1.0,0.8589617868900727,0.7633042744693901,0.8478010677688702,0.7875017556259554,0.8032559389951395
1848,0.0,0.003717023986779025,0.052572712259243926,0.0008527808069792804,0.04296888775623704,0.03308620800075333
1849,1.0,0.4454141547532487,0.5459496341774255,0.6408066797317531,0.6419488752569914,0.5444375547292218
1850,0.0,0.0028221026014027526,0.08207083152553352,0.0014353184041227755,0.06053565908964044,0.048476197738858896
1851,1.0,0.5935035321282841,0.503832637418228,0.5891856091219636,0.6711775704897014,0.5895045800120712
1852,0.0,0.07512578040296707,0.07427806204052405,0.0,0.03362751788037567,0.061010453441288935
1853,1.0,0.8079897535744416,0.6504559170316523,0.8526441268293169,0.8604504837497625,0.7729653847852855
1854,1.0,0.8913406731386786,0.6712450953821231,0.8057882268409101,0.7868352364939875,0.7831403350049296
1855,1.0,0.9388747450098047,0.7060482285942348,0.8887769914828872,0.874223797274787,0.8397155902929422
1856,1.0,0.8956676877572582,0.8628912744276007,0.9737219903193555,0.9136528958011122,0.8907372859953236
1857,1.0,0.6709371690557719,0.618708167518335,0.6726015983222466,0.7867792477513499,0.6921415281084856
1858,0.0,0.0021473533157162434,0.0589992659398803,0.002412028569415038,0.029798951162690945,0.030315190139429165
1859,1.0,0.8750137518268718,0.7639393756437771,0.929521212827826,0.8580313189318604,0.8323281488008365
1860,1.0,0.8127710401439102,0.8086192335021656,0.6245753150665487,0.9267280215774334,0.8493727650745031
1861,1.0,0.925018417708592,0.7315416508673587,0.9184725911892213,0.8438362062407856,0.8334654249389121
1862,1.0,0.7403960959281811,0.6503173937271556,0.7247747765079176,0.6828579141790955,0.6911904679448106
1863,0.0,0.9053937257379528,0.8336560837034048,0.9607896202795598,0.8850910473773567,0.8747136189395714
1864,1.0,0.7961845884247467,0.6823364229989831,0.8792383845756757,0.8300610097754628,0.769527340399731
1865,1.0,0.9436129489969054,0.7352274161037009,0.6513286275929809,0.8377283913331063,0.8388562521445708
1866,0.0,0.022425938517915342,0.123144251113926,0.0,0.029971194334720515,0.058513794655520625
1867,1.0,0.9690596631130215,0.8801786441990538,0.8284326843004508,0.9404198599914882,0.9298860557678545
1868,1.0,0.8595368776372319,0.8513476428272501,0.965576301160156,0.9172157595938456,0.8760334266861092
1869,1.0,0.951617133723364,0.8301519292465741,0.9603144581587246,0.8995686220764371,0.8937792283487918
1870,1.0,0.8619450759770497,0.8259112184767704,0.9196809897348597,0.8837414969966668,0.857199263816829
1871,1.0,0.48334887234324064,0.4657975656171719,0.38997721023358933,0.5060604923621708,0.48506897677419447
1872,0.0,0.4149759255040049,0.5099088312761503,0.5362937193713111,0.5285289509618061,0.48447123591398705
1873,1.0,0.22867698237594153,0.64669959151309,0.8446323792084586,0.6836087581923472,0.5196617773604596
1874,1.0,0.6169819928313633,0.5901311124110751,0.6184484211959265,0.8023179938128298,0.6698103663517561
1875,0.0,0.7973366476473209,0.6802766620759587,0.8130418934793214,0.8343732904930174,0.7706622000720991
1876,1.0,0.8003079775621893,0.8327916812630288,0.9009214457059991,0.9365445822991918,0.8565480803748032
1877,1.0,0.6149918805011855,0.46144020667422175,0.40238499397090716,0.4936013307663672,0.5233444726472581
1878,0.0,0.8978811770397119,0.814020322606292,0.8957457302574112,0.9243995399511921,0.8787670131990654
1879,1.0,0.9277509264233956,0.8207596712776433,0.9324057051193366,0.9269746165815318,0.8918284047608568
1880,0.0,0.723620354898588,0.6958256354370053,0.7108385975374604,0.8198818067033732,0.7464425990129889
1881,0.0,0.013270235158949368,0.0665870688308725,0.0,0.016029220523076763,0.031962174837632876
1882,1.0,0.7767645193418611,0.5657910115753502,0.5663116376974964,0.6449860683100038,0.6625138664090717
1883,0.0,0.8417861285925491,0.6839890474582501,0.808693487764939,0.7998384450398082,0.7752045403635357
1884,1.0,0.7575982139453804,0.657468802191032,0.830005672905841,0.8316545983215614,0.7489072048193246
1885,0.0,0.41735035602614196,0.5598999758292963,0.6754202692998039,0.6623039469566032,0.5465180929373472
1886,0.0,0.00730925072537709,0.062281738399734915,0.0,0.014111316161635358,0.027900768428915788
1887,0.0,0.8428707226300952,0.7237080294745175,0.8647953688838311,0.8534119594931125,0.8066635705325752
1888,1.0,0.8883546524763443,0.8135935667676253,0.9248559317323684,0.9806582827845388,0.8942021673428361
1889,1.0,0.748074024017977,0.5927235053764887,0.6937836221386051,0.688755360822563,0.6765176300723428
1890,1.0,0.8218243957414048,0.6156719737495877,0.6474257859122904,0.5689263783915934,0.6688075826275286
1891,1.0,0.8859908157999598,0.8061339262333124,0.9488667994629448,0.9291497470262049,0.8737581630198257
1892,1.0,0.9520215488456967,0.8901061569585761,0.9682292957517089,0.916117077686278,0.9194149278301836
1893,1.0,0.5513618039084098,0.5850729169875875,0.6439016687501367,0.5974092039700388,0.5779479749553454
1894,1.0,0.7114964290465041,0.6488133294616725,0.729887755140739,0.6719677628888954,0.6774258404656907
1895,0.0,0.03451123104749631,0.1256387055811721,0.0,0.04782394515237959,0.06932462726034934
1896,1.0,0.7878851748205754,0.7154452317394493,0.8834054994076377,0.8315923627569618,0.778307589772329
1897,1.0,0.7576379987101844,0.6195517591626899,0.5104720031403388,0.669145899810484,0.6821118858944528
1898,1.0,0.7621847478445549,0.6625396572448422,0.813382148913647,0.9068630824156277,0.7771958291683415
1899,1.0,0.8163432045694311,0.6112862005535973,0.7745586361603234,0.6721898258857598,0.6999397436695961
1900,0.0,0.6413598688573201,0.5554754954468735,0.5361968922501188,0.5360004939311133,0.5776119527451022
1901,1.0,0.8831721519104364,0.636169981745883,0.7095996771300509,0.6838668915931152,0.7344030084164782
1902,1.0,0.7995818933077072,0.5565323152409931,0.5284469766298294,0.6553778533776026,0.6704973539754343
1903,0.0,0.0023458581864207956,0.06508237572525868,0.0,0.029971194334720515,0.03246647608213333
1904,1.0,0.8080410326762627,0.7794415189412457,0.8254143312692357,0.8902719731617877,0.825918174926432
1905,1.0,0.6486768258903172,0.4726038587232988,0.30848243662861735,0.4734278013317547,0.5315694953151237
1906,1.0,0.6384067047685189,0.6656791000890466,0.5451675547936577,0.5596075892496032,0.6212311313690563
1907,1.0,0.7381282045093255,0.6994923338937532,0.8752705539827385,0.9084743133071728,0.7820316172367505
1908,1.0,0.6490839339753666,0.5249348688604032,0.5424002254120625,0.5078864364606103,0.56063507976546
1909,0.0,0.015451852075539419,0.08635143317898553,0.3242158489247907,0.029971194334720515,0.04392482652974849
1910,0.0,0.034515764530567754,0.10817818786685908,0.0042407160623920215,0.03917862007348555,0.06062419082363746
1911,1.0,0.7547670941597157,0.6979347718755061,0.6559680469462033,0.8295560469860337,0.7607526376737518
1912,1.0,0.7801928965662192,0.6236109358879625,0.5957603974635539,0.7927584703549005,0.732187434269694
1913,0.0,0.3250649703839611,0.2570001310427068,0.19301407041808086,0.29642617409784877,0.29283042517483887
1914,0.0,0.6957197734716809,0.5120817802296226,0.5723694202869426,0.5503337309200732,0.5860450948737922
1915,0.0,0.7302196303911395,0.6169926257801664,0.6208685962044873,0.7141317879656511,0.6871146813789858
1916,1.0,0.5302436770247154,0.5197449554844639,0.6163462270483245,0.5511844024104734,0.5337243449732175
1917,1.0,0.7999278939621722,0.7236352544745107,0.9005546528214392,0.8429377283375635,0.7888336255914155
1918,0.0,0.015755973127000986,0.0974990851118716,0.0014058426966292135,0.06053565908964044,0.057930239109504345
1919,1.0,0.8573798305431832,0.6319351678074319,0.5301178033626802,0.7618862025353222,0.7504004002953124
1920,0.0,0.46519988638469634,0.39898392418180395,0.4133669247180833,0.2993584775897624,0.3878474293854209
1921,0.0,0.5691223350483592,0.5374730693909369,0.5781949251401359,0.6457845418589915,0.5841266487660958
1922,1.0,0.5718877131428541,0.47392718394602285,0.3507790898224251,0.5699424568992005,0.5385857846626926
1923,1.0,0.9301720311960247,0.8741113827946453,0.96855841476933,0.9138282793745897,0.9060372311217533
1924,1.0,0.6849042852004826,0.6262273477439679,0.8080432108795159,0.6781314461503508,0.6630876930316005
1925,1.0,0.9153042794611369,0.822025717961029,0.8786479698430912,0.9234585823604181,0.8869295265941947
1926,0.0,0.7517116784509356,0.6959027276722917,0.7558660439473768,0.7875134150300861,0.7450426070511044
1927,1.0,0.9201279268225948,0.7599533706480385,0.8599681540906526,0.9232967496434075,0.867792682371347
1928,0.0,0.5709853727473133,0.43269057315618975,0.26980246944276287,0.35195566313668925,0.45187720301339745
1929,1.0,0.7632616239756466,0.6987713739261036,0.8181551227155208,0.7488188793912361,0.7369506257643287
1930,0.0,0.6798619538068396,0.5471691207628389,0.459817238763634,0.6662853384122529,0.6311054709939771
1931,0.0,0.6773240228926586,0.5194122369268568,0.3652067593885108,0.47996237343572334,0.5588995444184129
1932,1.0,0.8371473869291819,0.6933654039362344,0.5616313274694158,0.7526978284738648,0.7610702064464271
1933,1.0,0.7600507705388105,0.7383371770420349,0.7816687298715683,0.7914079586629376,0.763265302081261
1934,0.0,0.8936554392397499,0.8787204354442356,0.9588616117440256,0.9468470967749686,0.9064076571529847
1935,1.0,0.9662728020927654,0.8947855455808805,0.9958330978425115,0.9366462105648574,0.9325681860795011
1936,1.0,0.9009698727989002,0.8297804701798788,0.9080744826610855,0.9272784852923697,0.8860096094237161
1937,0.0,0.02905308468251849,0.1638347678248335,0.06382702197651521,0.04714594872448121,0.08001126707727774
1938,1.0,0.8882943211089493,0.795139320024138,0.8808601425121357,0.7914661485852189,0.8249665965727688
1939,1.0,0.7329857913469595,0.7612797388221406,0.6605248876785434,0.931903214335067,0.8087229148347225
1940,1.0,0.8948429211047239,0.7619060858575141,0.8170488256245121,0.9422509428065308,0.8663333165895896
1941,1.0,0.8796124839646211,0.8234491841155261,0.9315794981250209,0.9073279255436938,0.8701298645412804
1942,0.0,0.72002651315525,0.594491227621154,0.8576945183813688,0.7518715276995808,0.6887964228253284
1943,1.0,0.8509019946149172,0.7631942124624989,0.8507616563031174,0.8376788653391103,0.8172583574721756
1944,1.0,0.9546598499723654,0.8669660300876519,0.9837843285517311,0.9131762336558187,0.9116007045719453
1945,1.0,0.6738807334289683,0.6294449994542262,0.8004032164503099,0.7844988092999252,0.6959415140610399
1946,0.0,0.5355435239565445,0.44002210162865746,0.39755389642686245,0.5944951503371206,0.5233535919741076
1947,1.0,0.8858458845311127,0.7782251441818129,0.7555709483305418,0.8871773139034355,0.8504161142054536
1948,0.0,0.020006608041287392,0.052538869648880944,0.0,0.0335016158209567,0.035349031170375016
1949,1.0,0.7154821590641357,0.8021067850714831,0.7852108728611445,0.9335199178751019,0.8170362873369069
1950,0.0,0.3803982854558674,0.4413026412461598,0.5103607832487763,0.46904084408651214,0.4302472569295131
1951,1.0,0.8849869023590036,0.8458946166431912,0.9599595213370626,0.9007633977470634,0.8772149722497528
1952,1.0,0.5808692542647632,0.6392709231562106,0.7697701457342447,0.6610911772844671,0.627077118235147
1953,1.0,0.5895764090980337,0.39349901665607495,0.33582954955113564,0.47219514888401964,0.48509019154604277
1954,1.0,0.5568486656808364,0.44733899127354626,0.2962480781097363,0.4623526484633699,0.4888467684725842
1955,0.0,0.6183229479694471,0.5419704766350288,0.6446039672874588,0.612408398213794,0.59090060760609
1956,0.0,0.7175725360909319,0.6283640252607205,0.6668359418612727,0.6301997162327636,0.6587120925281386
1957,0.0,0.032701769281376324,0.19730684166914486,0.09966570377156703,0.029798951162690945,0.08660252070440404
1958,1.0,0.6487995648010131,0.6224154032393457,0.7704516762971043,0.7333313839247513,0.6681821173217033
1959,1.0,0.8307901969525826,0.736800426439431,0.8566630908119576,0.8737906752793217,0.8137937662237785
1960,0.0,0.010837993410381832,0.08170108551992414,0.0,0.03362751788037567,0.042055532270227215
1961,0.0,0.4990230360893078,0.420064484858594,0.3564375174579244,0.5036431582241707,0.47424355972402416
1962,1.0,0.8016058086382432,0.7997485388435537,0.8088038614700735,0.8970382396046576,0.832797529028818
1963,1.0,0.8000397252286853,0.7998991340057509,0.8231949059667021,0.8213221695630188,0.8070870095991517
1964,1.0,0.9616665655559548,0.7398640921983773,0.7671360500302145,0.9331690387432999,0.8782332321658773
1965,1.0,0.8739601823250028,0.8280544665139764,0.9372280261138679,0.8814172715750306,0.8611439734713366
1966,1.0,0.8163197674250577,0.5606210584710476,0.7336389708220192,0.7617963916665428,0.7129124058542161
1967,1.0,0.6013447866019549,0.6740517662984274,0.9061121214809574,0.7411240872223103,0.6721735467075641
1968,1.0,0.7562734459393924,0.7466286314752325,0.7926592414628605,0.7396424574429006,0.7475148449525085
1969,1.0,0.45085930707322214,0.5709851997754086,0.7383779722948669,0.5488447493170665,0.5235630853885657
1970,0.0,0.013755808857493007,0.07585381858117116,0.0,0.03362751788037567,0.041079048439679945
1971,1.0,0.9680974787518861,0.7856637097864408,0.9135803113193504,0.9129771300335989,0.8889127728573086
1972,0.0,0.7523794477596103,0.6459936088840051,0.6310197078468495,0.7117411818691969,0.7033714128376042
1973,1.0,0.7645941162320937,0.6281675112392611,0.7319712208633135,0.70106962352997,0.697943750333775
1974,0.0,0.5368302756460072,0.6646341408188003,0.7245611672938393,0.7236426623911902,0.641702359618666
1975,1.0,0.3858985265930751,0.519319337056268,0.4770832735279763,0.5359351472021168,0.48038433695048655
1976,1.0,0.6539893876427939,0.6360019628425203,0.8405686048820464,0.6927581911382239,0.6609165138745127
1977,1.0,0.9241381037198949,0.6927559601068531,0.8294590778846636,0.847910634455377,0.8216015660940417
1978,1.0,0.9113738024954083,0.8302793328735497,0.9856841579346809,0.8765575905176873,0.8727369086288818
1979,1.0,0.760817727514846,0.6027105447973171,0.5192500692371222,0.676634633046289,0.6800543017861508
1980,0.0,0.7321896208738751,0.5630572271176633,0.6817112252574465,0.6425900572407519,0.6459456350774301
1981,1.0,0.8068033637433989,0.7468791225242986,0.8050007901098059,0.7725544815410172,0.7754123226029049
1982,1.0,0.556842320000318,0.5723317326953236,0.6572640473922639,0.5283393572050783,0.5525044699669066
1983,0.0,0.5923182975000059,0.3305098314552984,0.26767524430799045,0.19848031212134348,0.3737694803588825
1984,0.0,0.8513125296189764,0.7106664200453123,0.8533197550450995,0.8120730829836608,0.7913506775493165
1985,0.0,0.0014725680850142758,0.06838978860427877,0.0,0.029971194334720515,0.03327785034133785
1986,1.0,0.8978214454265271,0.7774842371647596,0.7821736478039297,0.8563725938740329,0.8438927588217732
1987,1.0,0.5567210782585063,0.5969293376821944,0.4736037706502586,0.7952568206671509,0.6496357455359506
1988,1.0,0.8440509342569572,0.6853487519696324,0.6797498157925116,0.7699491318586585,0.766449606028416
1989,1.0,0.9249125710488392,0.7249413907573906,0.8744112313107255,0.8409009027476433,0.8302516215179577
1990,0.0,0.004055906326502396,0.047046776473447995,0.0,0.06053565908964044,0.037212780629863614
1991,1.0,0.665964863573229,0.5746588141017789,0.6502126961066641,0.7421930197539128,0.6609388991429737
1992,1.0,0.776089203019268,0.6885652776036422,0.8153492802113989,0.81450039416497,0.75971829159596
1993,1.0,0.8079698994844144,0.6504598307371404,0.674441444541963,0.8095116047358732,0.7559804449858093
1994,0.0,0.01511996987260559,0.093987761140978,0.0,0.012759772660802953,0.040622501224795514
1995,1.0,0.4942723075641626,0.5920257174209393,0.7756520678307391,0.6366848807914085,0.5743276352588368
1996,0.0,0.004082226990600026,0.05358370624851604,0.0004270520861739842,0.03702392833121523,0.03156328719011044
1997,1.0,0.9395601557306522,0.855567124886431,0.9313491171126776,0.9349116032847605,0.9100129613006146
1998,1.0,0.9434247967849015,0.9176685657346512,0.9833382464137984,0.9606665820544594,0.9405866481913373
1999,1.0,0.8155810709261458,0.8191442077200218,0.9564035304692254,0.9281018213903552,0.8542757000121743
2000,1.0,0.9109759008254709,0.8302088767110236,0.9652777212540913,0.8808656213722801,0.8740167996362582
2001,1.0,0.9222375337801579,0.8916563799085037,0.9867243973759845,0.9164867288983072,0.910126880862323
2002,0.0,0.6774281866288102,0.5945444850374804,0.6370642633720159,0.8310022592871913,0.7009916436511606
2003,1.0,0.940638503349546,0.8154838475829917,0.8635337561614762,0.9156984880941231,0.8906069463422203
2004,1.0,0.8363301369577669,0.6549837010777411,0.9254760390871088,0.882359202465544,0.791224346833684
2005,0.0,0.014189401051293453,0.0970076483815729,0.0,0.06053565908964044,0.05724423617416893
2006,0.0,0.8266586122755173,0.7101102689089487,0.7149993079043021,0.7707314922732386,0.7691667911525683
2007,1.0,0.8035721694604229,0.8202558596629662,0.9068252863881596,0.9147388923667349,0.8461889738300413
2008,1.0,0.8913705617959722,0.752980799748565,0.8146827812299141,0.8718593895502827,0.8387369170316067
2009,1.0,0.6052393113404807,0.7169933939563574,0.6864479830733607,0.8391980141327297,0.7204769064765225
2010,0.0,0.7297224978745185,0.6838522734134826,0.8007294149727402,0.7845827959531296,0.7327191890803769
2011,1.0,0.8511792203429757,0.7169302371429612,0.7765580951863681,0.7929379827938343,0.7870158134265903
2012,1.0,0.9215998181593312,0.7993717517253925,0.8595998107845398,0.9197804094266981,0.880250659770474
2013,0.0,0.008753719666256285,0.05510438534740619,0.0,0.012805576835394739,0.025554560616352404
2014,1.0,0.820980290607069,0.7067168429491049,0.7158616007748136,0.7654611868774892,0.7643861068112211
2015,0.0,0.891221244789103,0.6464170308985265,0.7594057524186275,0.8313805406688388,0.7896729387854894
2016,0.0,0.5550173761901915,0.45048915980135484,0.3948106373643471,0.5018115202249168,0.5024393520721544
2017,0.0,0.06297316602504262,0.07913527971750157,0.0,0.015396025471994663,0.052501490404846286
2018,1.0,0.8852707139103188,0.8801833964944957,0.9518532914667246,0.9486401527655729,0.9046980877234625
2019,0.0,0.007235056279432319,0.08099305752061697,0.0,0.05275361129316204,0.04699390836440378
2020,1.0,0.7268101447655168,0.5839907968697882,0.6729425133288488,0.46540957538793093,0.5920701723410787
2021,1.0,0.8968348188835102,0.6550567645646973,0.7716932232180391,0.7153192457842134,0.7557369430774736
2022,1.0,0.9479008762714122,0.8581124267131796,0.992863879113529,0.9472204730551361,0.9177445920132427
2023,1.0,0.9192905388346307,0.8519388744666999,0.9424049501863255,0.9084257725003789,0.8932183952672365
2024,1.0,0.7642109273228092,0.659094584977059,0.8121641112907764,0.8709933345599147,0.7647662822865943
2025,1.0,0.8684134271031391,0.8144328679592079,0.8377588741159863,0.9451083393515863,0.8759848781379778
2026,0.0,0.518878442974871,0.5546843361961081,0.5840784697777465,0.6321313755675861,0.5685647182461885
2027,0.0,0.04802578876919568,0.10217086483462264,0.029396025143053204,0.01675002239859831,0.05564889200080555
2028,1.0,0.753665706844974,0.6147130205920521,0.8241599228053016,0.7479170038854043,0.7054319104408101
2029,1.0,0.8573913576213665,0.6624428920169322,0.6713700576656885,0.7052988892682032,0.7417110463021673
2030,0.0,0.003256345234026421,0.08911839681237016,0.002,0.029798951162690945,0.04072456440302918
2031,1.0,0.6615746069542305,0.631284879143267,0.4912651153869089,0.6851254159267495,0.659328300674749
2032,1.0,0.8821790519384778,0.6211276812762798,0.8217041964871584,0.7955643044078289,0.7662903458741955
2033,1.0,0.41608973800186255,0.2785655980716204,0.26054647873098774,0.26791339344697185,0.32085624317348493
2034,1.0,0.8522567560880512,0.72223495277503,0.9292956947450908,0.8164560784963834,0.7969825957864881
2035,0.0,0.013365384012786146,0.05810292246131893,0.0,0.012461565608242419,0.027976624027449163
2036,1.0,0.4382739977942565,0.5782437482564952,0.6585548466229774,0.8409539861396922,0.6191572440634813
2037,1.0,0.8270805463372057,0.6247593192901882,0.7112206503882591,0.8339928551754324,0.7619442402676088
2038,1.0,0.38896187775076085,0.5360099100086605,0.4581029750280479,0.6573785781127613,0.5274501219573943
2039,1.0,0.5620554048565806,0.4539687831619543,0.4356416489970486,0.6196927776862446,0.5452389885682599
2040,0.0,0.6392258330172176,0.5804831014954009,0.5345455923076594,0.6486352055708204,0.622781380027813
2041,1.0,0.9166353825031667,0.8875207330921177,0.7634322124975149,0.936395577533253,0.9135172310428458
2042,1.0,0.9850188681017569,0.8915458615041564,0.9556435160776798,0.9376618041326894,0.9380755112462009
2043,0.0,0.9059263347314259,0.8402979991124178,0.9722307414043085,0.8999025044613839,0.8820422794350758
2044,0.0,0.09426808878691048,0.16288486019741544,0.012722313572682666,0.029798951162690945,0.09565063338233896
2045,0.0,0.6993771051715266,0.6656086812250847,0.8279958269338151,0.6416557723069193,0.6688805195678436
2046,0.0,0.7315070510758984,0.652767708237844,0.7652469485982284,0.7785592722669655,0.7209446771935694
2047,1.0,0.8525982059309342,0.7816333706396706,0.8275228773615612,0.8585957295101284,0.8309424353602445
2048,1.0,0.8232509320542357,0.6929368877787806,0.700340221222636,0.7548934842135986,0.7570271013488717
2049,0.0,0.00751673159356661,0.031122014527835914,0.0,0.06053565908964044,0.033058135070347654
2050,1.0,0.8855669670466196,0.829600123695743,0.9078609186490877,0.886464813294595,0.8672106346789858
2051,1.0,0.9569600650553882,0.8505931122986561,0.986178883965909,0.9302843893527148,0.9126125222355864
2052,1.0,0.8689502129077463,0.719863817428973,0.8568302680260226,0.8045158800436342,0.7977766367934511
2053,0.0,0.008716938287783273,0.09385336217941695,0.004,0.08187738798188895,0.06148256281636306
2054,0.0,0.006485626584407861,0.05654041381860735,0.0,0.027206395953287086,0.0300774787854341
2055,0.0,0.02012769555733721,0.09181972926181242,0.0,0.029798951162690945,0.04724879199394686
2056,1.0,0.8955730864088115,0.6971479261371711,0.8992601808507761,0.8294279588855853,0.8073829904771893
2057,1.0,0.5965749890753246,0.4048176029647134,0.3461039004346471,0.3736171925245902,0.4583365948548761
2058,1.0,0.8197885500449903,0.7609264316062192,0.6438229080394818,0.8151402314901819,0.7986184043804637
2059,1.0,0.8713912840724888,0.6617984456055608,0.6821800078707559,0.8463014664755812,0.7931637320512103
2060,1.0,0.9600398965972081,0.8209312022634875,0.9292086425728738,0.919372224396497,0.9001144410857309
2061,1.0,0.828521321341383,0.6496419987160436,0.8459026764530608,0.7754183979797277,0.7511939060123848
2062,1.0,0.7391653305050051,0.6182337066785786,0.7830091119270811,0.7351357923286769,0.6975116098374201
2063,1.0,0.9180579435013051,0.8378131580007477,0.9124026139952011,0.9197185150093223,0.8918632055037917
2064,1.0,0.9397296470546043,0.75510056152997,0.8913214731789102,0.8289792858725241,0.8412698314856994
2065,1.0,0.8980508235668316,0.7585317357773558,0.8863474629185264,0.870502922736879,0.8423618273603554
2066,0.0,0.00724897240362804,0.06419983010583208,0.0,0.012350114054334662,0.02793297218793159
2067,0.0,0.961869506020029,0.8142149884193454,0.9093473125767161,0.8994210729317589,0.8918351891237112
2068,1.0,0.8430427463685902,0.7187633857013225,0.7959391546680794,0.9007642506009941,0.8208567942236357
2069,0.0,0.8167541108781902,0.8438383017184473,0.7518934133902304,0.9350768642437276,0.8652230922801216
2070,1.0,0.6705799736524439,0.566784636022677,0.7797880420951214,0.7572770479792669,0.6648805525514626
2071,0.0,0.42656345784178495,0.6540482863335211,0.7049874219825127,0.7201537690649125,0.6002551710800729
2072,1.0,0.8932010278840716,0.8152019311396725,0.9909752916229889,0.9079208738838651,0.8721079443025364
2073,1.0,0.835756528477443,0.6548332759961686,0.6289702887459889,0.7564027970747865,0.7489975338494661
2074,1.0,0.9224961899064282,0.8187099961282946,0.8946854715579947,0.9151449242762462,0.8854503701036563
2075,1.0,0.8927848303910824,0.798374017297131,0.9514203037857022,0.8644145155867101,0.8518577877583078
2076,1.0,0.966381553664778,0.8515454451481684,0.931865592608905,0.965946724222181,0.9279579076783758
2077,0.0,0.01747236441824273,0.07653960423890009,0.0,0.06053565908964044,0.05151587591559442
2078,1.0,0.9396843087689718,0.8832212292817664,0.9672835327307439,0.8565993943691877,0.8931683108066419
2079,1.0,0.8040291470993867,0.661697619346101,0.7223292760263704,0.7047830081875907,0.7235032582110262
2080,1.0,0.9492294231171662,0.9133278726126899,0.9569955301219228,0.9336784032604254,0.9320785663300938
2081,1.0,0.8588682420529866,0.7629333213860601,0.9100566434604003,0.8806995296302822,0.8341670310231096
2082,1.0,0.7408131201050648,0.6582074952794454,0.625595761134346,0.6467397020662924,0.6819201058169342
2083,1.0,0.5548923257590753,0.4895861930898216,0.3642018598976856,0.5340094870342873,0.5261626686277281
2084,0.0,0.02181187888032047,0.1540283877744339,0.0,0.03697128109822978,0.07093718258432805
2085,0.0,0.3985500932694108,0.5900921804162362,0.6574530728552641,0.6320917503587173,0.5402446746814548
2086,1.0,0.677014012193824,0.49836058599347816,0.8283451582624178,0.5508461129415043,0.5754069037096021
2087,1.0,0.6247136620310266,0.42604971778286244,0.3971902364506124,0.5039696629087302,0.5182443475742065
2088,1.0,0.9451125701881606,0.6767770935654456,0.6486693146258085,0.7758687002547093,0.7992527880027719
2089,1.0,0.6662013590738485,0.5061723349377897,0.4607522718628636,0.6251980218126831,0.5991905719414404
2090,0.0,0.6750496818525099,0.7082142917754554,0.8171782627335571,0.8173650310267098,0.7335430015515584
2091,1.0,0.6735606076346633,0.7086838207301617,0.7695291094730553,0.9350661543891248,0.7724368609179831
2092,1.0,0.9158917208123764,0.6835546428203665,0.7870923535684976,0.8526373280763692,0.8173612305697039
2093,0.0,0.017185803820901874,0.062253130258191965,0.0,0.0335016158209567,0.037646849966683514
2094,1.0,0.6485230056354808,0.6756215816532363,0.782341007267492,0.8042000673220229,0.7094482182035801
2095,1.0,0.9216557717547588,0.7816863536208742,0.9226429982703176,0.8449149500275774,0.8494190251344035
2096,0.0,0.731919485270458,0.7358703325218379,0.8953653732799122,0.9388337780397218,0.8022078652773392
2097,1.0,0.963011032493911,0.8708559864282318,0.988833407081029,0.9084738847869025,0.9141136345696818
2098,1.0,0.8083935873726705,0.6385730906531866,0.8469491257297315,0.7965696511003534,0.7478454430420701
2099,1.0,0.805462338461677,0.7283354625977125,0.8306581622796219,0.868806696015574,0.8008681656916545
2100,1.0,0.6421327483235351,0.6934902745642586,0.8511383792254672,0.8810237450153563,0.7388822559677166
2101,1.0,0.832070461311716,0.7812456830794501,0.9253436716418706,0.9789225501370177,0.8640795648427279
2102,1.0,0.8359629001370483,0.7663852485835722,0.9589865489192921,0.8058712331892439,0.8027397939699549
2103,0.0,0.015585042417510162,0.0896870348888204,0.0,0.029798951162690945,0.04502367615634051
2104,1.0,0.5122639879403473,0.6655581436452926,0.7118619569363143,0.756543424523556,0.6447885187030654
2105,1.0,0.9012063574758215,0.7776667255720885,0.8925704174068035,0.8745016771364971,0.8511249200614691
2106,0.0,0.8755070576300802,0.7876071035240182,0.9342602457895961,0.8391844035405129,0.8340995215648704
2107,1.0,0.5394076716998788,0.4843788449681186,0.35868755525766166,0.5133836283434364,0.5123900483371446
2108,1.0,0.8752067228952438,0.8148712463437127,0.9480635744399544,0.8868790886445336,0.8589856859611634
2109,0.0,0.00576447082342441,0.09329165355703946,0.0,0.029971194334720515,0.043009106238394795
2110,1.0,0.7434852905040624,0.7549767128978767,0.8509710111072618,0.8387075702763219,0.7790565245594204
2111,0.0,0.6988018416887087,0.5099314119618021,0.3237857104341714,0.5630157168976441,0.5905829901827183
2112,0.0,0.8586349637852865,0.8408028025099418,0.8652870991268928,0.9199029212088526,0.8731135625013603
2113,1.0,0.5399699488468943,0.5384816844420455,0.46784782406395253,0.7042420397313638,0.5942312243401012
2114,1.0,0.6178581099334957,0.5766936011036687,0.6252323036089057,0.7000477493030586,0.631533153446741
2115,1.0,0.8954658528280907,0.7990556671282212,0.8846496322450803,0.8836770170857148,0.8593995123473421
2116,1.0,0.5777235501087938,0.5903965186778554,0.4555465503367515,0.6450795558391897,0.6043998748752797
2117,0.0,0.03290055919678266,0.14698281168984756,0.2098641434231193,0.03362751788037567,0.07117029625566863
2118,1.0,0.7186847194849798,0.7776390153517636,0.8596322596546171,0.8988748842701849,0.7983995397023094
2119,0.0,0.816050441949473,0.6982619473704215,0.9250645275555006,0.8493009790959972,0.7878711228052971
2120,1.0,0.8595300234820314,0.6743394876743041,0.7681239300975913,0.8353759190150918,0.7897484767238091
2121,1.0,0.7967246428615731,0.7232452537891437,0.8929168509175696,0.7711693430709812,0.7637130799072326
2122,1.0,0.8173480740048021,0.7743183010250573,0.9308372197929848,0.8971195100262728,0.8295952950187108
2123,1.0,0.3619727728881355,0.19156412714583773,0.049993170276985695,0.3175694799899184,0.2903687933412972
2124,1.0,0.7061076008270578,0.5497102494905376,0.746172238776259,0.7882356011669411,0.6813511504948454
2125,0.0,0.058706884238889,0.10983152493610758,0.0007029213483146068,0.06053565908964044,0.076358022754879
2126,1.0,0.6545283340823831,0.6907979140096084,0.7780987938362833,0.8501528506335693,0.7318263662418536
2127,0.0,0.003495842765950694,0.04377838738179746,0.0,0.011997845924620908,0.019757358690789685
2128,0.0,0.7934930185480135,0.6743764513768995,0.7191072868373805,0.8558135021361011,0.7745609906870047
2129,1.0,0.5919581411709312,0.4949989453627899,0.30338336360991286,0.5151189091832216,0.5340253319056475
2130,1.0,0.8609620631740967,0.5646594944307161,0.68620478334347,0.8065486024353445,0.7440567200133859
2131,1.0,0.8531708073901153,0.830612472508264,0.9516153510569644,0.8907672142835235,0.8581834980606343
2132,1.0,0.907527715523098,0.7325394020870294,0.7218305408503713,0.8659493980222727,0.8353388385441334
2133,0.0,0.8120661140695293,0.75188025259198,0.9384049501863255,0.8964919938535513,0.8201461201716868
2134,0.0,0.010096147893693487,0.06906207288539555,0.0,0.029971194334720515,0.03637647170460318
2135,1.0,0.8627874383909674,0.7222987476519118,0.865707093418724,0.7380884830565136,0.7743915563664644
2136,1.0,0.08792532858317713,0.25716150192480086,0.0032395726626554726,0.04717856979257918,0.13075513343351905
2137,1.0,0.8941613434907804,0.7470871386499975,0.775501164562605,0.8922504101814871,0.8444996307740883
2138,1.0,0.8114411902827299,0.6024315912147931,0.8044754294619154,0.7052133110740131,0.7063620308571786
2139,1.0,0.9420536895446108,0.7794754799482139,0.9672176483927478,0.9355014534162907,0.8856768743030384
2140,1.0,0.9278381262812798,0.8316323071948857,0.9549617159947081,0.9102513972349068,0.8899072769036908
2141,1.0,0.8605654840610047,0.6022073192708123,0.6418825789806282,0.7189694578235077,0.7272474203851083
2142,1.0,0.9105466544039946,0.816258373596657,0.9243753900036729,0.9280135324895127,0.8849395201633881
2143,1.0,0.961912979256907,0.897650073891391,0.9384535823571605,0.9580680137113803,0.9392103556198927
2144,0.0,0.8760112825420211,0.7937520226218188,0.8721875388221592,0.7797399074485288,0.8165010708707895
2145,1.0,0.8318533018246139,0.6808538229630099,0.6540878230807086,0.6400217653200121,0.7175762967025453
2146,1.0,0.9012926411816831,0.8385943353697703,0.4915158771384364,0.9225653949135487,0.8874841238216673
2147,0.0,0.013948724697879913,0.0828991427622512,0.0,0.033848932227272706,0.04356559989580128
2148,0.0,0.0010102112658225298,0.10210609237627376,0.005542900880308124,0.029798951162690945,0.04430508493492908
2149,0.0,0.7504182496833337,0.6439207109787561,0.5737456089987676,0.657395055512395,0.6839113387248283
2150,1.0,0.811847557161034,0.7435787480607889,0.8765934740667527,0.8005157102467321,0.785314005156185
2151,1.0,0.7180023421906201,0.7306756620640907,0.9190388555347091,0.8088157376517005,0.7524979139688037
2152,1.0,0.8282995110557215,0.7605042761692472,0.828129357515968,0.8608277800383664,0.816543855754445
2153,0.0,0.043476767947297136,0.14664236813687812,0.002815280898876405,0.029798951162690945,0.07330602908228873
2154,1.0,0.8113458090513139,0.5916576090920584,0.6357615983286676,0.6665817971702112,0.6898617384378612
2155,1.0,0.6910897388690673,0.6280218669750353,0.7891368673618765,0.7309687743298917,0.6833601267246646
2156,1.0,0.9224585145626636,0.6595599959933048,0.6183075752727736,0.8471707419846601,0.8097297508468762
2157,0.0,0.007971494404854387,0.08332749429869325,0.0,0.029971194334720515,0.04042339434608939
2158,0.0,0.021302443862484678,0.09663391196879009,0.03703453271357356,0.029798951162690945,0.0492451023313219
2159,0.0,0.03441536655798027,0.09114961928146702,0.11872603923394524,0.08187738798188895,0.06914745794044541
2160,0.0,0.782909096434122,0.42635706550519814,0.3300593216797975,0.5568865750252728,0.5887175789881977
2161,0.0,0.7994706691637488,0.5664659623892327,0.3886292750301016,0.5973744706082137,0.6544370340537317
2162,1.0,0.9472633716465524,0.8559451579115769,0.9941695511931079,0.9193664227865971,0.9075249841149088
2163,1.0,0.6812872003778244,0.6440480819948572,0.8098075775270571,0.7266273724436276,0.6839875516054365
2164,1.0,0.4861621152152406,0.49264032393431845,0.5214948018335274,0.5294990087105336,0.5027671492866975
2165,0.0,0.4822413344401955,0.6488933482987931,0.6855350766523882,0.5679166452279549,0.5663504426556478
2166,1.0,0.7438729130589223,0.7075221068452509,0.7946913570863318,0.8595955217891048,0.770330180564426
2167,0.0,0.0033204718151153474,0.06419985275523636,0.0,0.029971194334720515,0.032497172968357406
2168,1.0,0.8564861745746154,0.7942322503052636,0.8613621527814281,0.8302104654805779,0.8269762967868189
2169,1.0,0.931594655071494,0.8686551762147532,0.9569886194193737,0.9053381645113948,0.9018626652658807
2170,0.0,0.05428451745278822,0.14750685835902033,0.0,0.06053565908964044,0.08744234496714966
2171,1.0,0.8729510531906227,0.8082791587172258,0.9353126956757655,0.921484553186992,0.8675715883649469
2172,0.0,0.00787879378353209,0.09391105688743753,0.0,0.033301234974714176,0.045030361881894604
2173,1.0,0.9489720397760828,0.8473529906522086,0.887443754523317,0.9510013326439144,0.9157754543574019
2174,1.0,0.7482213668735533,0.65651934477866,0.6817181296840629,0.7567155374292407,0.7204854163604847
2175,1.0,0.603011181113899,0.5381626370506648,0.5741766894511998,0.6453748952780078,0.5955162378141905
2176,0.0,0.046814550491229366,0.10696083178891058,0.0,0.036966222411165164,0.0635805348971017
2177,1.0,0.6970274252840587,0.6919427643077333,0.8490596682412139,0.8645582130228017,0.7511761342048645
2178,0.0,0.007607725330812469,0.07327120629110227,0.0,0.029798951162690945,0.03689262759486856
2179,1.0,0.8778044497863702,0.7060573594189827,0.7932152237019264,0.8712101024987229,0.8183573039013586
2180,1.0,0.3273565251935435,0.5135995091149331,0.5881589879499936,0.6761146187714918,0.5056902176933228
2181,1.0,0.838342191956833,0.7633280747429495,0.6817924398096114,0.7773763084839188,0.7930155250612337
2182,0.0,0.5046563284444626,0.48418973502678936,0.5911684176526519,0.5398336674212333,0.509559910297495
2183,1.0,0.5450270594742904,0.6014548345852487,0.6847461658280457,0.6740870141098763,0.6068563027231385
2184,1.0,0.9446035165725162,0.7922903334244812,0.6767965363302417,0.8777879316568048,0.8715605938846007
2185,1.0,0.8066764029073565,0.698346490963117,0.7557776615825775,0.7173789415749312,0.740800611815135
2186,1.0,0.6709340845756215,0.5722168267779283,0.5473869525867657,0.5332124808660484,0.592121130739866
2187,0.0,0.011992994430660571,0.09471994277612918,0.0,0.029971194334720515,0.045561377180503425
2188,0.0,0.5166889498302444,0.4001722151307704,0.27848666399141925,0.4170036504915841,0.4446216051508663
2189,1.0,0.6401013344554166,0.5522812786620921,0.6998836592627071,0.5957857070147341,0.5960561067107476
2190,1.0,0.5373889633847286,0.44192187733823457,0.318462869201846,0.3692071619538304,0.4495060008922645
2191,1.0,0.9702414529329321,0.8347261747867516,0.9205971349170513,0.9594723429592534,0.9214799902263123
2192,0.0,0.8452306452385451,0.7469819896788631,0.705417745556916,0.8786805562953147,0.8236310637375742
2193,0.0,0.49644700017404575,0.5612177584027657,0.5286455720146439,0.4720810228905856,0.5099152604891323
2194,1.0,0.8769504615264202,0.8323039399478269,0.9514819617830043,0.9356349727482974,0.8816297914075149
2195,0.0,0.7864157126335622,0.6047829321794793,0.6975676012351077,0.6333453994660617,0.674848014759701
2196,1.0,0.7450826338217369,0.5304431590270648,0.5118572190353541,0.6800502244671172,0.6518586724386396
2197,1.0,0.8104124921631896,0.7325963526805763,0.7630173572670059,0.7418040218455105,0.7616042888964255
2198,0.0,0.9542240024291717,0.7462432453957942,0.8518492457646374,0.8466842826892853,0.8490505101714172
2199,1.0,0.875057448041397,0.7387374128907632,0.9107349457945965,0.8511054387987445,0.8216334332436349
2200,0.0,0.005810491673228252,0.05726173868504019,0.0,0.03362751788037567,0.032233249412881367
2201,0.0,0.8982642735677411,0.7552563145120876,0.9527458734036541,0.7535205620569587,0.8023470500455958
2202,0.0,0.27636761647017216,0.19229197244275878,0.04699403281632221,0.2993578531684909,0.2560058140271406
2203,1.0,0.8555468326519658,0.7575564927915224,0.9463257329091074,0.8085679952090508,0.8072237735508464
2204,1.0,0.9235089605067471,0.6714004512033819,0.5938110442854787,0.8091170364583049,0.801342149389478
2205,0.0,0.032184091214700825,0.139452592026654,0.0,0.015759729976492564,0.0624654710726158
2206,1.0,0.9165674211070527,0.8105763955984162,0.929176815924391,0.8932891595064819,0.8734776587373169
2207,1.0,0.8207380893916908,0.7975115647951573,0.9593897918970316,0.8862273530111735,0.8348256690660073
2208,1.0,0.5828624091907249,0.532461146884485,0.368578949539093,0.6560634329719865,0.5904623296823988
2209,1.0,0.7208141914938873,0.6547141471523892,0.8500740701345724,0.7917318429249891,0.7224200605237551
2210,0.0,0.018175433716746986,0.10024945528525447,0.0,0.029971194334720515,0.049465361112240654
2211,1.0,0.9687545546651675,0.8611311211481549,0.9635514850583147,0.9350858631394539,0.9216571796509254
2212,1.0,0.7699680752186343,0.7576061797802108,0.8288029100603034,0.907069154289282,0.8115478030960425
2213,1.0,0.7240901503142649,0.6967975090985411,0.7626030829043928,0.8012207897534909,0.7407028163887657
2214,1.0,0.9490638466882729,0.8781607514781955,0.982287931331581,0.9363337299433762,0.9211861093699483
2215,1.0,0.8795170109177586,0.6832391208014935,0.8445694930026747,0.8681551744987401,0.8103037687393307
2216,1.0,0.9026670607724819,0.7257776744144927,0.7584653326605331,0.8499689961711173,0.8261379104526974
2217,1.0,0.8981401499632867,0.8159919343943309,0.9728327689965398,0.916411313715525,0.8768477993577143
2218,0.0,0.6589195347582768,0.5319401498394359,0.46035508734527264,0.4418912400444064,0.5442503082140396
2219,1.0,0.9477855157438058,0.7576692761947896,0.9158175653275564,0.8919999568752306,0.8658182496046086
2220,1.0,0.8562278501748137,0.6946418656417324,0.7837650350136156,0.8005503085820201,0.7838066747995222
2221,1.0,0.6233430393645142,0.5490105139589616,0.5122283169666358,0.7448529190123904,0.6390688241119554
2222,0.0,0.851399389149253,0.6862152867032765,0.6788255521077553,0.7144937047133272,0.7507027935219522
2223,1.0,0.8331427866412268,0.7380114473005996,0.8115881797146949,0.8061800443011162,0.7924447594143142
2224,1.0,0.9512896793732603,0.8157193990408166,0.8793415668126189,0.9411283177988228,0.9027124654042998
2225,1.0,0.9316775878126096,0.8311126307783101,0.9585466662682292,0.8773533893388853,0.8800478693099351
2226,1.0,0.9301571247642288,0.8554455680999173,0.8407392140299175,0.9187981340742994,0.9014669423128151
2227,0.0,0.006343436847872871,0.07281567494202071,0.23200770577546953,0.055099526490937745,0.044752879426943774
2228,0.0,0.7980277124026776,0.7394957334433044,0.6965242805486923,0.7663015113403261,0.767941652395436
2229,1.0,0.8795221224862066,0.5658800751011388,0.9494858628138525,0.765452771030575,0.7369516562059735
2230,1.0,0.4938155806347492,0.5525605869943636,0.46942647574145974,0.5623243768142304,0.5362335148144477
2231,1.0,0.8147121519865578,0.7450020497136467,0.7420066463327376,0.8313592922931607,0.7970244979977884
2232,0.0,0.018064015987488923,0.06467177065413622,0.0,0.06053565908964044,0.04775714857708852
2233,1.0,0.8027834005605636,0.7086360315427587,0.8717354850627762,0.8647378670485534,0.7920524330506252
2234,1.0,0.8954559863628972,0.8610422968588487,0.9243053747213752,0.8786148295674066,0.8783710375963842
2235,0.0,0.6921494820294498,0.6835292078155105,0.8567685876191974,0.6967807214026488,0.690819803749203
2236,0.0,0.0006575764939365006,0.045688364883826285,0.0,0.029971194334720515,0.025439045237494434
2237,0.0,0.6304069777464301,0.5327469405135498,0.5924328477776024,0.5020156323299532,0.555056516863311
2238,0.0,0.02410685531941826,0.22702771797468618,0.0,0.036966222411165164,0.0960335985684232
2239,1.0,0.8077347601046589,0.7230191470628949,0.919238070285887,0.8087667725930665,0.7798402265868735
2240,1.0,0.6755082541885109,0.4321074141918623,0.6752908227135985,0.6938593071798298,0.6004916585200677
2241,0.0,0.025380618862977107,0.08582139419918647,0.0,0.06053565908964044,0.05724589071726801
2242,1.0,0.8238790091434609,0.4987506368299354,0.5580358305613181,0.6365037053012871,0.6530444504248945
2243,1.0,0.8294803490623964,0.7753304977359389,0.8894320082828142,0.9029397908762925,0.835916879224876
2244,0.0,0.8434930977195121,0.8088973719882572,0.9376457646437317,0.8504944811050192,0.8342949836042628
2245,1.0,0.8608678515245718,0.7943898744028418,0.871402602148416,0.9115190787508712,0.8555922682260949
2246,1.0,0.8068043627995124,0.7640708068550751,0.9364960990177872,0.7753061991308647,0.7820604562618173
2247,1.0,0.9531122684123262,0.8711496377120586,0.9329747554899396,0.9565537660398477,0.9269385573880774
2248,0.0,0.014605027975620787,0.06407568228433123,0.0,0.028052390576946903,0.035577700278966305
2249,0.0,0.014308791355702326,0.10094707441676963,0.0,0.06053565908964044,0.05859717495403746
2250,0.0,0.6787372263374192,0.5271773741741158,0.6208812147619083,0.7037421026304431,0.6365522343806594
2251,1.0,0.906220326939663,0.7845037805335694,0.8839251869511853,0.8810421267298642,0.8572554114010322
2252,0.0,0.026140085501220666,0.08514992598591066,0.0,0.01352723928566196,0.041605750257597766
2253,1.0,0.6966086506030594,0.6050147876958207,0.6045951092894046,0.6666720640179201,0.6560985007722667
2254,0.0,0.2854860007879237,0.2424788428830103,0.18597866142483466,0.25647551060996254,0.2614801180936322
2255,1.0,0.6600269631295218,0.5740985009075483,0.6602856214521375,0.7507880172746448,0.6616378271039051
2256,1.0,0.8935079825215901,0.7851733284534554,0.8310821932087316,0.8753672886183957,0.8513495331978138
2257,1.0,0.7415439075269934,0.7547282649266378,0.7264178048150389,0.8068852709872688,0.7677191478136333
2258,0.0,0.007292475119370897,0.07831811477840585,0.0031158487941341396,0.03702392833121523,0.04087817274299733
2259,1.0,0.34954636982188536,0.5899535727664447,0.758279069203248,0.7196052807420118,0.5530350744434472
2260,0.0,0.012190336015880196,0.14311106741749557,0.0,0.029971194334720515,0.06175753258936543
2261,1.0,0.9034204863280134,0.7850321259104708,0.8540805490406947,0.9105673644353304,0.8663399922246048
2262,0.0,0.6370867478591142,0.4368474978907072,0.15972839954952295,0.4131450728783152,0.49569310620937884
2263,0.0,0.01888297822300854,0.06531087524581004,0.0,0.013140558731965627,0.03244480406692807
2264,1.0,0.7892951132168249,0.7509351283414191,0.852389517496942,0.835825860409518,0.7920187006559206
2265,1.0,0.7321051341110493,0.45375919246041485,0.3548411702240128,0.41235346743536816,0.5327392646689441
2266,1.0,0.9447521176406772,0.7638994115539678,0.793395353911016,0.8810991147850462,0.8632502146598972
2267,1.0,0.7292780338801883,0.6797252007652491,0.7905432300578865,0.7781210420249297,0.7290414255567891
2268,1.0,0.6948524772985955,0.6330381586521961,0.7466867113584622,0.6320107563243521,0.6533004640917146
2269,1.0,0.7583966208090464,0.5870454527678699,0.7379957967874937,0.6980585329945498,0.6811668688571553
2270,1.0,0.8881311466063563,0.7829919712310012,0.7338723249441483,0.9039926944135451,0.8583719374169676
2271,1.0,0.7698343462821556,0.650278360675995,0.8155940297558257,0.7766563620538716,0.7322563563373407
2272,1.0,0.8611791159138165,0.7372116592376987,0.961083987449044,0.8617799706641069,0.8200569152718741
2273,1.0,0.7795732745667135,0.6284932675645352,0.6683045582367747,0.7209713877846566,0.7096793099719685
2274,0.0,0.6912877728718453,0.6171186828559462,0.7109856133225395,0.7970973774099447,0.701834611045912
2275,1.0,0.8196207563157691,0.7545697103958081,0.8344161652185963,0.8315446589036424,0.8019117085384065
2276,1.0,0.9477332390335801,0.7657125860768218,0.906929538243204,0.8768573815688475,0.8634344022264164
2277,1.0,0.7713676875962961,0.7414907567031344,0.9157929742782879,0.8024957957509449,0.7717847466834584
2278,0.0,0.023571598759424772,0.13716959012487892,0.017882066638517623,0.06053565908964044,0.07375894932464805
2279,1.0,0.8946114452576096,0.7309179864699209,0.8999610169177458,0.8883707313000191,0.8379667210091832
2280,1.0,0.0009494931033720613,0.051720987414701484,0.0,0.029971194334720515,0.027547224950931353
2281,0.0,0.6071037138135736,0.5591594502108082,0.4657670815683103,0.6128998926798043,0.5930543522347286
2282,0.0,0.8528398943917731,0.5814039903635804,0.5616630582966642,0.7361487734097687,0.723464219388374
2283,0.0,0.006018214617270722,0.052734733810674866,0.0,0.012045006714993091,0.02359931838097956
2284,1.0,0.5069600596123428,0.5358250258622951,0.6098569441691765,0.44831631747934064,0.49703380098465955
2285,0.0,0.6968993989346315,0.6378413539078688,0.6930220462731316,0.636143935846819,0.6569615628964398
2286,1.0,0.9194644720079063,0.647591032155068,0.6716054057627786,0.8468788314294959,0.8046447785308234
2287,1.0,0.9284887054069785,0.8687052778658512,0.9867962828306983,0.9100001863419466,0.9023980565382588
2288,1.0,0.8864171618540208,0.698944679937762,0.7689589336499628,0.8667272555201758,0.8173630324373194
2289,1.0,0.8220698572555784,0.748552725942198,0.8767107769163462,0.9269221791171025,0.8325149207716263
2290,0.0,0.6594960118982225,0.5912981634798197,0.7283430141271074,0.7634207183648681,0.6714049645809701
2291,1.0,0.6041727784065086,0.44856950871088996,0.34330422366403535,0.26944986973200175,0.44073071894980015
2292,1.0,0.7394474958598731,0.7128221081033155,0.8396156477049828,0.8647050415936236,0.7723248818522709
2293,0.0,0.5095017193138703,0.49014063422412035,0.6279956399405303,0.5079801902656093,0.5025408479345334
2294,1.0,0.5953022554368723,0.6875108702207584,0.8457717348490538,0.848301696624958,0.7103716074275296
2295,0.0,0.7318720606973512,0.5867056121525843,0.6425534468469104,0.7684541623484554,0.6956772783994637
2296,1.0,0.9046654239837958,0.732955523107604,0.8526035795840116,0.8253170860154877,0.8209793443689625
2297,1.0,0.9431677600785406,0.825475741246121,0.9008121581282829,0.9072047995014504,0.8919494336087039
2298,1.0,0.9544570115742358,0.7694361242108252,0.9378082042215627,0.8463558476052053,0.8567496611300888
2299,0.0,0.020949222939616322,0.10015505683358075,0.023099583224814094,0.03664526964482697,0.05258318313934135
2300,1.0,0.8545753582658838,0.737278319797096,0.8675496701173132,0.9005543551764545,0.8308026777464782
2301,1.0,0.8195184243322841,0.8169608570819215,0.8893828808646681,0.9272967047287175,0.8545919953809743
2302,1.0,0.920347605860568,0.7972937459530158,0.8829545988599148,0.9490792837716806,0.8889068785284214
2303,0.0,0.5941665316175115,0.6529931778935688,0.6752330455374248,0.7753346260646745,0.6741647785252516
2304,0.0,0.3747975885167484,0.6195980736562416,0.6829692271082463,0.8828453197127253,0.6257469939619051
2305,0.0,0.4555529622930594,0.47781816969207797,0.5953110900629671,0.43729977414121085,0.45689030204211606
2306,1.0,0.8754455346592361,0.7443313107678279,0.757215308974051,0.9035042714092746,0.8410937056121129
2307,1.0,0.82779984399088,0.6636549067744775,0.6809453085303303,0.81323818500658,0.7682309785906458
2308,1.0,0.7836340237825844,0.6881743315291989,0.5242268461458859,0.8559893405198274,0.7759325652772037
2309,1.0,0.7174164868905903,0.7274489735484363,0.8979661922275123,0.7121470694057594,0.7190041766149285
2310,1.0,0.97801730404802,0.9044845565106072,0.9791662605799338,0.9357730655459618,0.9394249753681964
2311,1.0,0.705668902019782,0.627557654053636,0.6500740789293475,0.6911355268614321,0.6747873609782834
2312,1.0,0.6324954409831001,0.511685960249261,0.6249762195843691,0.4007311691354587,0.5149708567892732
2313,1.0,0.9703643334249364,0.9092683844532001,0.9686859056655415,0.9441953432417254,0.9412760203732873
2314,0.0,0.7303261197646224,0.7460076183216842,0.900185912516582,0.8249190635433749,0.7670842672098939
2315,1.0,0.8677076863382482,0.7621211292037456,0.8993663696049186,0.9450509708491182,0.8582932621303706
2316,0.0,0.008063292642851853,0.0684158668132683,0.0,0.029971194334720515,0.035483451263613554
2317,1.0,0.9906747209895311,0.8537222311517624,0.9720883366409436,0.9687407989664593,0.9377125837025843
2318,1.0,0.869516294282963,0.5890672064799045,0.812051985112142,0.7655645584863312,0.7413826864163995
2319,1.0,0.7217948511454074,0.7067981176094348,0.7505425655224282,0.8087836213551785,0.7457921967033402
2320,1.0,0.849265071165544,0.8292972341324567,0.8291092291164379,0.8678437536575955,0.8488020196518654
2321,1.0,0.9465185847890625,0.7918246208306288,0.9206448102002109,0.843249469008679,0.8605308915427902
2322,1.0,0.7833590807157534,0.6885223177802376,0.8270222476917956,0.7795899851350708,0.750490461210354
2323,1.0,0.7358431387106202,0.49048903083793705,0.5159324485292814,0.37130345247284424,0.5325452073404672
2324,0.0,0.46683168444061246,0.5285562787452036,0.3532188188967371,0.3797155943874211,0.45836785252441237
2325,0.0,0.7548325020533508,0.6560661250600315,0.7140374004156932,0.70586666340301,0.7055884301721308
2326,0.0,0.003317292799141156,0.058898519046284604,0.0,0.03277519666039648,0.03166366950194075
2327,1.0,0.7983435529397059,0.7196447381600563,0.882952033713472,0.8188689440404072,0.7789524117133898
2328,0.0,0.7947596554411843,0.6167510515185713,0.7884701310120421,0.8097647595621982,0.7404251555073179
2329,1.0,0.9530043365488113,0.8333662944920461,0.7681873314866486,0.9148569910167927,0.90040920735255
2330,1.0,0.8480526449999299,0.6397726306826013,0.7167875913133294,0.7539536015694136,0.7472596257506483
2331,1.0,0.9613563671747292,0.8852955490998821,0.9446673235110579,0.9699154873934355,0.9388558012226822
2332,1.0,0.6012116917789572,0.44105925518250516,0.43044692557840625,0.5977020480633075,0.5466576650082566
2333,0.0,0.7804823715648749,0.6170030857908484,0.931110740989423,0.818118886424024,0.7385347812599158
2334,1.0,0.8068394476208294,0.7628596047293098,0.8505636466359644,0.8136610221744337,0.7944533581748576
2335,1.0,0.9072114675759203,0.7674155183668394,0.8601655583060144,0.8701739683510947,0.8482669847646181
2336,1.0,0.7804537806101731,0.6170214757454129,0.7056224258493161,0.7486536424614181,0.715376299605668
2337,1.0,0.9703950142033843,0.8316775878252816,0.9362728878196749,0.9012467932104855,0.901106465079717
2338,1.0,0.9276791046624561,0.82631922975441,0.8811225552867942,0.8966590986946812,0.8835524777038491
2339,0.0,0.812830265330959,0.6197005655309188,0.6148635260875381,0.7493019248663483,0.7272775852427421
2340,0.0,0.6978339176153223,0.6196648944729953,0.7651326847865155,0.7620681144507965,0.693188975513038
2341,1.0,0.9214931654421941,0.7865693493827396,0.8441554680281929,0.9153230208525868,0.8744618452258401
2342,0.0,0.00400663070950904,0.05060226178228896,0.0,0.014493634593350969,0.023034175695049657
2343,0.0,0.013803813477926937,0.09330016939482545,0.03360196480885031,0.029971194334720515,0.04569172573582431
2344,1.0,0.8624491194277119,0.7273342945191265,0.8201392783661928,0.9160239802805346,0.8352691314091243
2345,1.0,0.6053834695476037,0.5364460258721807,0.5998028951986328,0.5922888103400362,0.5780394352532735
2346,1.0,0.6282738399880594,0.5624019298429594,0.5454362248498643,0.7410279165740464,0.6439012288016884
2347,0.0,0.28414886099303904,0.2701345553879828,0.33917972347535785,0.47784687119132396,0.34404342919078196
2348,1.0,0.9196043132824848,0.8281690087631709,0.8990307634567647,0.9440811470190824,0.8972848230215794
2349,1.0,0.6793711451014057,0.5210264843403555,0.5246245061325212,0.6355231017801272,0.6119735770739628
2350,1.0,0.7499564610399873,0.7378161273448101,0.8490961835576194,0.874613604265656,0.7874620642168177
2351,1.0,0.8755183912286998,0.7680753907294858,0.7874253995102883,0.8555424847553266,0.8330454222378374
2352,0.0,0.007408072165938743,0.10441424520518132,0.24859882327347008,0.029798951162690945,0.04720708951127034
2353,1.0,0.9010044755471491,0.6993850175210075,0.8775829705454069,0.8816274050390852,0.8273389660357472
2354,0.0,0.6124078151584706,0.6545434762885446,0.6649094764253114,0.6662784647542747,0.6444099187337633
2355,1.0,0.7840660819512718,0.6297052209962205,0.6689611494902338,0.7267331280368137,0.7135014769947686
2356,0.0,0.3064724948565807,0.1985450037128037,0.24473510086889055,0.23010827208452367,0.2450419235513027
2357,1.0,0.6695277420090691,0.5815247490880074,0.530790148021523,0.6838597398523197,0.6449707436497988
2358,1.0,0.9281315742717203,0.7707270840632091,0.9266521186198914,0.8840333822093409,0.8609640135147568
2359,0.0,0.7229512962115459,0.5217836489330177,0.7560123690395415,0.6699557657817176,0.638230236975427
2360,1.0,0.7855305210291862,0.5717113771590924,0.693491249812756,0.7375260297478686,0.6982559759787157
2361,1.0,0.9307827539921993,0.9066959561566195,0.9906094022985203,0.9390748009950218,0.925517837047947
2362,0.0,0.5073226860687283,0.4191648347614441,0.4069512513872264,0.38208265304670175,0.4361900579589581
2363,0.0,0.6427737359929241,0.6594489140172428,0.6546460272223855,0.6996697237280064,0.6672974579127243
2364,0.0,0.012174934011222879,0.07058488330353278,0.0,0.03362751788037567,0.03879577839837711
2365,1.0,0.4349504609836221,0.3817344433854138,0.3977916905752636,0.7388357362092586,0.5185068801927648
2366,1.0,0.81112623745648,0.8135820881058943,0.8162067578215776,0.8951364267877981,0.8399482507833907
2367,1.0,0.7152230435786808,0.6375856662334765,0.8523619073849059,0.7244541512947537,0.6924209537023037
2368,0.0,0.8346434386229917,0.7064727694931061,0.7559486073407616,0.804115161963345,0.7817437900264809
2369,0.0,0.6011479528015523,0.5561442253801819,0.8077524716880002,0.64345954664198,0.6002505749412381
2370,1.0,0.6190575611130562,0.5532890967370695,0.6054552111655048,0.7460154015005382,0.6394540197835547
2371,0.0,0.004295756188201105,0.1062494637721764,0.0032395726626554726,0.029971194334720515,0.04683880476503267
2372,0.0,0.8426627115298849,0.7099582700143714,0.6818514502133388,0.7858653090601257,0.7794954302014606
2373,0.0,0.7198316951006432,0.4508859673203702,0.24407520278305056,0.38060849140896935,0.5171087179433276
2374,1.0,0.762541826105469,0.6626563253943715,0.7195680180166131,0.8309149981471696,0.7520377165490033
2375,0.0,0.6000916305366443,0.43697085964050425,0.4678941675359113,0.7096822509322199,0.5822482470364562
2376,1.0,0.8046043951276355,0.6960484650019709,0.7482458817778724,0.8216210570261717,0.7740913057185926
2377,1.0,0.9337827103437333,0.7210793129841906,0.9128943489557245,0.8544477478675497,0.8364365903984913
2378,0.0,0.7988442435074845,0.7106473782524952,0.7589093438869677,0.8410913891194968,0.7835276702931587
2379,0.0,0.008316387004639636,0.09009225650268546,0.0,0.029971194334720515,0.04279327928068186
2380,1.0,0.6559329163707394,0.5733041615282854,0.5693553360861633,0.7674209119418857,0.6655526632803035
2381,0.0,0.03475539812906512,0.05978666493573043,0.0,0.06053565908964044,0.05169257405147867
2382,1.0,0.8949947587924127,0.7474913320665166,0.8962865997443918,0.8508806493895719,0.8311222467495005
2383,1.0,0.7818921877848395,0.6063283350921107,0.6552023524426425,0.8179284153272302,0.7353829794013934
2384,1.0,0.9647610559327339,0.7883923022440322,0.7765404541596566,0.8358503460503172,0.8630012347423611
2385,0.0,0.7231994034650447,0.640204500847878,0.7361829019012313,0.7159255495005598,0.6931098179378274
2386,1.0,0.6647787743040525,0.6625094011812953,0.8904648913157305,0.7373235341678112,0.6882039032177197
2387,1.0,0.9275388955335271,0.8569174362902827,0.9913099612514619,0.9613865388691848,0.9152809568976649
2388,1.0,0.8192271720713694,0.732772392973037,0.775170142040688,0.901962866929503,0.8179874773246364
2389,1.0,0.8029602570158634,0.7813319231572133,0.8373833904557468,0.8592069664191152,0.8144997155307306
2390,1.0,0.819544409074734,0.638021441782588,0.6610424319606052,0.7944423418233932,0.7506693975602384
2391,1.0,0.8352588769278363,0.7212337963505359,0.8348813547465097,0.8049349961323037,0.7871425564702252
2392,1.0,0.014231439244199312,0.07043524207633528,0.0,0.029971194334720515,0.03821262521841837
2393,0.0,0.020643966308232023,0.15018662698772953,0.0,0.03362751788037567,0.06815270372544574
2394,0.0,0.5021029288136909,0.42230098300280133,0.34185556358886876,0.4768542232374133,0.4670860450179685
2395,1.0,0.8524292288506168,0.7171126549995565,0.9217539435839657,0.7638859595180669,0.7778092811227468
2396,1.0,0.7963509222586019,0.730351187419914,0.7631400113967471,0.8639413870123982,0.796881165563638
2397,0.0,0.30086457807543865,0.4365121867102546,0.32336084764696366,0.46524071079737994,0.4008724918610244
2398,1.0,0.9411865470121565,0.7361214380842485,0.7349148008146317,0.9155613014290099,0.8642897621751383
2399,0.0,0.016764223986307614,0.07299808319526697,0.0,0.029798951162690945,0.03985375278142184
2400,0.0,0.009797909167433321,0.07760241400293812,0.0,0.06053565908964044,0.04931199408667062
2401,1.0,0.6382131954124168,0.6535906646204291,0.8618131316097187,0.741005637926991,0.6776031659866124
2402,1.0,0.9035966928503841,0.7978745508470351,0.9353367901588118,0.8810833371136705,0.8608515269370298
2403,0.0,0.5270323366452141,0.6155995783063254,0.7612108447180602,0.7778208142934421,0.6401509097483272
2404,0.0,0.03075103748192218,0.2149288901903278,0.019668755372120893,0.06053565908964044,0.10207186225396347
2405,1.0,0.9070781931777973,0.7317675797622597,0.9383545384005256,0.877660506175085,0.8388354263717139
2406,1.0,0.9219338655656787,0.9047733694059531,0.9867962828306982,0.9187274511370728,0.9151448953695681
2407,1.0,0.8614538021523169,0.6698402697636632,0.7223951181924829,0.8611403999938891,0.7974781573032897
2408,1.0,0.7367515979598135,0.6766550993978402,0.8212096151323982,0.6347794888794773,0.6827287287457103
2409,0.0,0.6053763643720467,0.6124036106846806,0.8447677787586664,0.604300732944379,0.6073602360003688
2410,0.0,0.6285589855764037,0.667932016955729,0.6688175545564696,0.8034655056882214,0.699985502740118
2411,1.0,0.7911166784673886,0.785093308378718,0.8185379851750255,0.7826051001806975,0.7862716956756014
2412,0.0,0.018705232357810977,0.09734503864434658,0.0008541041723479684,0.045501002883501965,0.05385042462855318
2413,0.0,0.0063761063037117375,0.05808614586979436,0.0,0.029971194334720515,0.03147781550274221
2414,1.0,0.9446766608820969,0.8501899121434561,0.974541227913543,0.9364437316799624,0.9104367682351718
2415,1.0,0.5781699733001024,0.5892891716518501,0.5089038441201991,0.6024688648409041,0.5899760032642856
2416,0.0,0.45933008883011606,0.5673195962702624,0.4689492372541145,0.4814106668099638,0.502686783970114
2417,1.0,0.8403382653158635,0.5507558843044253,0.5523562235562741,0.6243800061577292,0.6718247185926728
2418,1.0,0.9376284873525724,0.8250730487466054,0.8155907168592205,0.8458251092291141,0.8695088817760972
2419,1.0,0.8322562244742151,0.6989095315403625,0.8408403508924985,0.8309543808095953,0.7873733789413909
2420,0.0,0.5216867445286318,0.47695198383972837,0.43038633156048467,0.6346414379321688,0.5444267221001763
2421,1.0,0.8844776661248207,0.8134445407603376,0.9197453454694771,0.9462125373550067,0.8813782480800549
2422,1.0,0.35788473313171076,0.38354191442535596,0.3420149304222941,0.27986939683743806,0.34043201479816826
2423,0.0,0.042881801441569,0.1408057925292722,0.0007038202247191013,0.029798951162690945,0.07116218171117737
2424,1.0,0.8214829210937189,0.7904883549900396,0.9310126726740922,0.9348191738573003,0.8489301499803529
2425,1.0,0.8293365816200331,0.7151704496082841,0.8858081046639847,0.8131355574815148,0.7858808629032774
2426,0.0,0.025307291659812273,0.11251606413387899,0.0008527808069792804,0.015486417075415267,0.051103257623035504
2427,1.0,0.8553491266037541,0.8147173404620076,0.9456988248276837,0.9057962716453432,0.8586209129037016
2428,1.0,0.5052327591194572,0.5639334008402581,0.5538767763474003,0.5804621335764051,0.5498760978453735
2429,1.0,0.7681860848395974,0.6313985700089202,0.7573815788060417,0.8138049646203993,0.7377965398229723
2430,1.0,0.8936685618850867,0.6405086785932457,0.7972407851015655,0.8028129555422103,0.7789967320068475
2431,1.0,0.9577443673799095,0.841389797154769,0.9347715756057366,0.9284274433916628,0.9091872026421138
2432,0.0,0.037712680966127586,0.07214252259993867,0.0,0.04511628248566554,0.051657162017243935
2433,1.0,0.46567176831540713,0.31765522749720443,0.09795024664943645,0.28267929442809414,0.3553354300802352
2434,1.0,0.7683187078755065,0.6835866590326143,0.8983271838416649,0.7323941129237469,0.7280998266106226
2435,0.0,0.005815804777888638,0.04147143361201436,0.0,0.01456624011996906,0.02061782616995735
2436,0.0,0.004022015412492203,0.08879676612011356,0.020360890665536313,0.029971194334720515,0.04092999195577542
2437,1.0,0.8225748575088015,0.7616583546747391,0.7845018512343206,0.8589419369426435,0.8143917163753948
2438,0.0,0.6879137457648935,0.6745747894804665,0.7924851879303004,0.7531786365927468,0.7052223906127022
2439,1.0,0.948032456666711,0.8261782698292399,0.9352888132620321,0.9385039290754434,0.9042382185237982
2440,0.0,0.023331207796399342,0.12310072390670172,0.03970440983666817,0.06053565908964044,0.06898919693091383
2441,1.0,0.9123993637682618,0.8746002743634772,0.9841216466447201,0.9061085695959228,0.8977027359092206
2442,1.0,0.9371161917731454,0.8005108740803596,0.6680240068751612,0.9099735988669301,0.8825335549068116
2443,0.0,0.015050589515645913,0.07398854620208212,0.0,0.014443833702101436,0.034494323139943155
2444,1.0,0.9528818097518374,0.8897124527000022,0.8851320135915974,0.9285750419961261,0.9237231014826554
2445,1.0,0.8632709888163634,0.8339698098379604,0.9637117670641643,0.9097846319683373,0.8690084768742204
2446,0.0,0.5855523829014404,0.49339806570038114,0.5042563750075519,0.7736193750872438,0.6175232745630218
2447,1.0,0.9186467906850252,0.8509288307713532,0.9802304106896639,0.9396428920171489,0.9030728378245091
2448,1.0,0.7208445933363604,0.5501193544067617,0.542321869739617,0.611722719987576,0.6275622225768994
2449,1.0,0.8347739428645713,0.5798045510656613,0.6452074596622217,0.8064219586623275,0.74033348419752
2450,1.0,0.8240966998839045,0.78480116373671,0.879913676037952,0.8584586639354793,0.8224521758520313
2451,0.0,0.06364744936907618,0.14134861003289004,0.01564413829927399,0.04782394515237959,0.08427333485144861
2452,0.0,0.8384157632957121,0.7156992991631667,0.8772878627511822,0.7312329586362982,0.7617826736983924
2453,1.0,0.792268807943847,0.6456642535515187,0.8510741917970248,0.7634350975421913,0.7337893863458523
2454,0.0,0.011624142370677803,0.08591565386201772,0.0010412234042553193,0.029798951162690945,0.04244624913179549
2455,1.0,0.830595283348775,0.7189012281834111,0.805992453005472,0.8271351310733344,0.7922105475351735
2456,1.0,0.9372028659987565,0.7312557702661625,0.8292019256313902,0.7966980809358737,0.8217189057335975
2457,1.0,0.8195349411869594,0.5451491679368248,0.48532899253858164,0.5845733902046754,0.6497524997761532
2458,1.0,0.7946410320630312,0.8068032912586738,0.9437548327945088,0.856259488133795,0.8192346038185
2459,1.0,0.8169388201419313,0.6560641427871604,0.7207192907511628,0.7712641696889805,0.7480890442060241
2460,1.0,0.7790018843052646,0.7930932769156359,0.9300876884039062,0.8168258683896368,0.7963070098701791
2461,0.0,0.7671354523457038,0.43171577063713185,0.4956609778016193,0.5750909776136063,0.5913140668654807
2462,1.0,0.7347870775396315,0.673832704582415,0.5177032306417688,0.6367581261633887,0.6817926360951451
2463,1.0,0.791712757628638,0.7684729803396615,0.8666564085459639,0.8214152498728148,0.7938669959470381
2464,1.0,0.9536964519453645,0.8033290875709589,0.9527896202795598,0.8619746459458044,0.8730000618207092
2465,0.0,0.8106377361166495,0.7430192816541578,0.8616739613563593,0.830847012201066,0.7948346766572912
2466,1.0,0.7458899631519988,0.5795355052453366,0.8137991412608312,0.5921363164042825,0.6391872616005393
2467,1.0,0.8580468349281005,0.6886823777116937,0.8679703478000932,0.8644397462653782,0.803722986301724
2468,0.0,0.885693419404166,0.5603846365657842,0.6182150997042777,0.6662297304525147,0.704102595474155
2469,0.0,0.005699822037561166,0.07060991379129303,0.002815280898876405,0.03702392833121523,0.037777888053356475
2470,0.0,0.3347026827905686,0.46963539388654124,0.5453897860749556,0.4668894459654944,0.42374250754753473
2471,1.0,0.7408964853228801,0.70067415590325,0.8090724935767255,0.6797266860928384,0.7070991091063229
2472,1.0,0.8554146510626255,0.7563881045566743,0.8365688106354754,0.8241524146625979,0.8119850567606326
2473,0.0,0.5319693635688871,0.6101604262194923,0.6845261123662882,0.6424601414713816,0.5948633104199204
2474,1.0,0.6887991306573963,0.7122463015275551,0.7867258566899464,0.8506122032375596,0.7505525451408369
2475,0.0,0.0531135600705727,0.1751844457013854,0.022324763531452727,0.08165919238642116,0.10331906605279308
2476,0.0,0.0046167430877843835,0.1366111229124657,0.3286840449438181,0.0335016158209567,0.05824316060706893
2477,1.0,0.8017328760960148,0.6720326318388856,0.7556830696855786,0.82304154602753,0.7656023513208101
2478,1.0,0.8329065593609326,0.7550198789943817,0.865109602742929,0.830077318366234,0.8060012522405161
2479,0.0,0.015139763786464982,0.1115054724445508,0.0011293117518042467,0.06053565908964044,0.06239363177355207
2480,0.0,0.7128300205920683,0.47859610970681493,0.45884148637266053,0.3675370774120465,0.5196544025703099
2481,1.0,0.8334882267056898,0.7549531256226303,0.8952258041098481,0.8808337531854614,0.8230917018379271
2482,1.0,0.8304222680808778,0.7874650197088718,0.8934665088317474,0.9209150963694641,0.8462674613864046
2483,1.0,0.8709839662623581,0.6776149299205333,0.7882789252112635,0.8396784475434402,0.7960924479087771
2484,1.0,0.9193372766762298,0.7769497221117415,0.9126132618652478,0.9291900868049859,0.8751590285309857
2485,0.0,0.788191359328531,0.6638620876950209,0.7591412279639775,0.8100465993986081,0.7540333488073866
2486,1.0,0.5429675253353511,0.6691358465893416,0.8390931949928679,0.7523287760948789,0.6548107160065239
2487,0.0,0.914511237601219,0.7090710159275452,0.7856014562345548,0.8897329361038468,0.8377717298775371
2488,1.0,0.7822214808780302,0.6674778433372875,0.7201937956287242,0.7355689828785885,0.728422769031302
2489,1.0,0.8454984723932085,0.7235952777671932,0.839847630702873,0.7089303474044187,0.7593413658549402
2490,1.0,0.9562697806204153,0.7871244360467489,0.9271519974948005,0.899651648116777,0.8810152882613137
2491,1.0,0.791940437226298,0.6454993566171402,0.6639254090605082,0.7366332768340266,0.7246910235591549
2492,1.0,0.8783955246395617,0.7665958651035758,0.9535100381628645,0.8300557242807415,0.8250157046746264
2493,1.0,0.8337598726387211,0.6421075509431915,0.7751921604278832,0.8241061691974414,0.7666578642597847
2494,0.0,0.7885233104429628,0.6952752273621263,0.8163484242389814,0.8606789671625761,0.7814925016558885
2495,0.0,0.6881180065770871,0.5477276430513548,0.5160419565514809,0.7251461407243643,0.653663930117602
2496,1.0,0.6166574511279745,0.6770672951945191,0.6473431255217817,0.8021684650639764,0.6986310704621568
2497,0.0,0.7926839157133693,0.8425456982399632,0.849742177269656,0.8028452980598024,0.8126916373377117
2498,1.0,0.8199085631141158,0.5445509942841791,0.6406393072688568,0.7518665304653455,0.7054420292878801
2499,1.0,0.857284360080644,0.6836305734280975,0.7438444029539082,0.6959385960769089,0.7456178431952168
2500,1.0,0.8726860658922378,0.7229218696044074,0.8073062643097922,0.8298036636178735,0.808470533038173
2501,1.0,0.7243524847986752,0.6561384694182381,0.8661607575339856,0.7937698052567727,0.7247535864912287
2502,1.0,0.5859660045193119,0.5251677433685039,0.721844158604553,0.5853272306162122,0.5654869928346761
2503,0.0,0.8911586412341562,0.7789629751906346,0.765098003968905,0.8645206573315654,0.8448807579187854
2504,1.0,0.7448565667969926,0.5438078480484193,0.5335345522357122,0.6257664699091471,0.6381436282515197
2505,0.0,0.5729126514800603,0.43634733687372895,0.5182103399448351,0.4381227448427717,0.4824609110655203
2506,0.0,0.6803864418176812,0.5450526027137973,0.3914867600177899,0.6098879295648084,0.6117756580320957
2507,1.0,0.8262196066052381,0.8626388467340336,0.871590004788266,0.8836514187612275,0.8575032907001664
2508,1.0,0.6360257237078066,0.5043547832514335,0.526190769350391,0.5894526132902086,0.5766110400831496
2509,1.0,0.9266333079673325,0.7698584131077263,0.8748448984828233,0.9215366154999699,0.8726761121916762
2510,0.0,0.014353712851873087,0.05706817147157803,0.0,0.012341037378444969,0.02792097390063203
2511,1.0,0.5264546497240881,0.4414866712108531,0.18901063622329722,0.4915524095652617,0.4864979101667343
2512,1.0,0.8693928412424345,0.7998234857428114,0.8970425074137527,0.8424056075967206,0.8372073115273221
2513,1.0,0.9178722048092247,0.7243990212524102,0.8133710560067859,0.8428707283551414,0.8283806514722588
2514,0.0,0.8398821853328241,0.7026156535894542,0.796990109387846,0.8036701430567708,0.7820559939930164
2515,1.0,0.9270291191391202,0.7479731000030051,0.827877865833672,0.8696921774018215,0.8482314655146489
2516,1.0,0.913456134303106,0.775099482158107,0.924433758578834,0.7994135543884308,0.8293230569498813
2517,0.0,0.02943419361674282,0.14946102631966757,0.03157822680663381,0.049934446468430045,0.07627655546828015
2518,1.0,0.5237703089633116,0.5439157931973824,0.5796462953719919,0.7008190545540857,0.5895017189049265
2519,0.0,0.01619705261227698,0.057776068151735256,0.0,0.03362751788037567,0.0358668795481293
2520,0.0,0.02806062942310104,0.288757290255813,0.0,0.04717856979257918,0.1213321631571644
2521,1.0,0.8774588202885577,0.8246265785882693,0.8644674015089188,0.9081015425769703,0.8700623138179324
2522,0.0,0.7260445192985061,0.6300972030044345,0.7541410011747456,0.7423227606663904,0.6994881609897771
2523,1.0,0.6500802296279983,0.5014898425317736,0.48291116244425725,0.524625950186052,0.558732007448608
2524,0.0,0.012346256026770489,0.0967588949710937,0.0,0.0335016158209567,0.047535588939606965
2525,0.0,0.05255919254408645,0.137122926386964,0.0,0.029798951162690945,0.07316035669791379
2526,0.0,0.799593594012398,0.6228767554884366,0.6992043735059342,0.6170367757034387,0.6798357084014245
2527,1.0,0.9110691919530287,0.7873371982746812,0.9338703519232261,0.8983699528880996,0.8655921143719366
2528,1.0,0.8506286953080138,0.581227053717311,0.5861738737106345,0.6914563673357669,0.7077707054536972
2529,0.0,0.010855298508814028,0.03690480803930219,0.0,0.03362751788037567,0.027129208142830635
2530,0.0,0.7483878200526771,0.663073116695509,0.6023552233536663,0.7054251620226939,0.7056286995902933
2531,1.0,0.856446860383967,0.8003967215133365,0.9029858537964892,0.8646375646878877,0.840493715528397
2532,0.0,0.5975470940146508,0.5516291054429487,0.5758126708310246,0.6450026139321604,0.5980596044632533
2533,0.0,0.004387397497158842,0.07256717838834453,0.0011298604324396456,0.029971194334720515,0.03564192340674129
2534,1.0,0.8401472817813765,0.6854408872111335,0.7501164334308018,0.7960115831230212,0.7738665840385104
2535,1.0,0.8560420947542894,0.6679376471004715,0.790505758155721,0.816118370497285,0.7800327041173486
2536,1.0,0.7796863376382765,0.5375396486277864,0.40008047670206864,0.6201641172681862,0.6457967011780831
2537,1.0,0.7301794216237131,0.7914018016299629,0.8866536592805457,0.8898995191372867,0.8038269141303208
2538,1.0,0.9536234032099031,0.9005247358953449,0.9572802362639744,0.9338128643596484,0.9293203344882989
2539,1.0,0.8097544473443798,0.7960450465975681,0.9343645199390224,0.8881814382110557,0.8313269773843345
2540,1.0,0.7250937145897268,0.6172598088533622,0.7152930612579113,0.5456537994902301,0.6293357743111064
2541,0.0,0.28269663202607476,0.271224226809493,0.24118098046974598,0.4413897596745284,0.33177020617003206
2542,1.0,0.8211590040083725,0.7127310642240885,0.7686335335275726,0.8198204416991912,0.7845701699772173
2543,0.0,0.6785345536636266,0.5656446964861526,0.5231652905109571,0.42595696050664145,0.5567120702188069
2544,0.0,0.32586333624705116,0.42435052997917155,0.37961907436994974,0.3604514894227376,0.3702217852163201
2545,1.0,0.9217453623637951,0.8724921395506372,0.9576195108478287,0.9107884100667067,0.901675303993713
2546,0.0,0.03719257499858031,0.14942525867734877,0.004811685393258426,0.08165919238642116,0.08942567535411676
2547,1.0,0.6929216464254268,0.6648253674433309,0.6851413706927705,0.7260058650653528,0.6945842929780368
2548,1.0,0.7983370198369425,0.8045378044216891,0.915152188472946,0.8782374755961462,0.827037433284926
2549,1.0,0.9290861074075513,0.8621217421283578,0.955823641585688,0.8860385219330839,0.8924154571563309
2550,1.0,0.7473808531122202,0.6151708360705436,0.4313178158359452,0.6226860494234129,0.6617459128687256
2551,1.0,0.8652275916529513,0.7858812125045712,0.9090215233409662,0.9048874645984607,0.8519987562519944
2552,0.0,0.8294496789238501,0.6240020939042823,0.6607856606136123,0.6654430354985156,0.7062982694422161
2553,1.0,0.6561870717302261,0.601995735270709,0.8515071076924396,0.6723388597463014,0.6435072222490789
2554,0.0,0.004149971195971213,0.07383315204392873,0.0,0.03664526964482697,0.03820946429490898
2555,0.0,0.6076349190688136,0.5502444947031487,0.38009077281148435,0.5011152536036637,0.552998222458542
2556,0.0,0.012540880428919083,0.07762373278158917,0.006675959723219787,0.029971194334720515,0.04004526918174293
2557,0.0,0.38237938080298584,0.5374662971843986,0.5810299323652315,0.6548121774678092,0.5248859518183978
2558,1.0,0.8503698049508841,0.6996145383104455,0.9403592809965754,0.8447290542229575,0.798237799161429
2559,1.0,0.7810837484803014,0.6177822627798064,0.7021961339961097,0.7840546510818729,0.7276402207806602
2560,1.0,0.8481207416604677,0.6108802899301796,0.6960972441447646,0.6501302678423255,0.7030437664776578
2561,0.0,0.6301963732827914,0.5891444470113215,0.7351089269398423,0.621198070706601,0.6135129636669047
2562,0.0,0.021549667821408724,0.07137138756751736,0.0,0.01040310874804694,0.034441388045657675
2563,1.0,0.886723107852265,0.7800122671549768,0.8554563582588868,0.8831720000334435,0.8499691250135619
2564,0.0,0.49142090518161363,0.5919990209575969,0.3928418463771493,0.5894788271633301,0.5576329177675136
2565,1.0,0.812996503257157,0.7188626703249826,0.9080020822804226,0.9303788405083319,0.8207460046968239
2566,0.0,0.623053409227144,0.49789526535201284,0.6361194678693631,0.6155414656718333,0.5788300467503301
2567,1.0,0.769914763737669,0.6515512729135474,0.6939899067166123,0.8176376839119123,0.7463679068543763
2568,1.0,0.8298739502167276,0.7217142825761311,0.9062556210600186,0.8739786589683095,0.8085222972537228
2569,0.0,0.004938529690898918,0.09320067517084345,0.0,0.029971194334720515,0.042703466398820965
2570,1.0,0.662447167817746,0.5165030899813966,0.4920721535705694,0.718011935695233,0.6323207311647919
2571,0.0,0.7044002469621808,0.5311778084889925,0.6100204410677573,0.5263409331850265,0.5873063295454
2572,1.0,0.9106033682720596,0.8337354994074854,0.9104233269494144,0.9307847289217102,0.8917078655337517
2573,1.0,0.5753125081755049,0.5315835001523177,0.6706517514866147,0.5962297060183627,0.5677085714487284
2574,1.0,0.03610316362306702,0.11677249073621752,0.0021352604308699213,0.029798951162690945,0.06089153517399184
2575,1.0,0.69922100899808,0.6860439280812807,0.7036938801740787,0.8083228329764099,0.7311959233519235
2576,0.0,0.7059129447182955,0.44910282181293915,0.7626289180150333,0.7043718191209795,0.6197958618840713
2577,1.0,0.8655615370132547,0.7481424969595222,0.9151443790314394,0.885369747512391,0.8330245938283892
2578,0.0,0.8110145810656602,0.5616449378070304,0.5637939463764658,0.5827926247370637,0.6518173812032514
2579,0.0,0.016549414791162044,0.036136278012432445,0.0,0.03362751788037567,0.028771070227990053
2580,1.0,0.8133648672456573,0.7713869833636129,0.787163750567085,0.8974430775777804,0.8273983093956835
2581,0.0,0.600665863555729,0.5975906761866407,0.6287635543647052,0.5984166063473382,0.5988910486965694
2582,0.0,0.016251923266096483,0.0660157209188213,0.0,0.011602387977140393,0.03129001072068605
2583,0.0,0.8078058612395231,0.6721158531805145,0.8468493647567524,0.6312005926849246,0.703707435701654
2584,1.0,0.9406384183498032,0.7591167537551995,0.7849243983615591,0.8583565429700778,0.8527039050250268
2585,0.0,0.8179372399073117,0.5696713838343556,0.3199456072090457,0.7090360278742484,0.6988815505386384
2586,0.0,0.6149418429304251,0.718395872375084,0.7336947120384365,0.7719896556297732,0.7017757903117606
2587,0.0,0.01022626645661346,0.061029305220755524,0.0,0.029798951162690945,0.03368484094668664
2588,0.0,0.7176893037120825,0.4913700745708329,0.58084741849231,0.7328773532665879,0.6473122438498344
2589,1.0,0.8211698884337251,0.6952469190998979,0.8675719389034146,0.8062716658679471,0.7742294911338566
2590,0.0,0.6090814084442258,0.46008072602036926,0.48572652636954095,0.44760540674831545,0.5055891804043035
2591,1.0,0.6165993960855668,0.4852773386637398,0.2446230985421879,0.638212349504162,0.5800296947511562
2592,1.0,0.9088625555061137,0.8268841552816639,0.9709636471536426,0.9350836470344609,0.8902767859407462
2593,1.0,0.9296296487453906,0.757194905041578,0.8626107782705875,0.8460795769971757,0.8443013769280481
2594,1.0,0.8084623416573609,0.7413488014280938,0.8490197663169572,0.7839002563199965,0.777903799801817
2595,0.0,0.282071381500755,0.2730936879501265,0.24845259462189176,0.28833265892947735,0.2811659094601196
2596,0.0,0.6644832776392114,0.6098816747790781,0.7000362231085074,0.7023063444740605,0.6588904322974499
2597,1.0,0.7059316459010808,0.6969452217412062,0.61412100899491,0.5161461328491785,0.6396743334971552
2598,1.0,0.618552742495065,0.6000878431464689,0.7250142900305013,0.6560781845228973,0.624906256721477
2599,0.0,0.05485180172886758,0.12969869715199978,0.03962939482680456,0.06053565908964044,0.08169538599016926
2600,1.0,0.70343532060185,0.4629704174174766,0.6455995308282312,0.553783852732032,0.5733965302504529
2601,0.0,0.019815703331153362,0.07278274595363325,0.0,0.011240921265100795,0.03461312351662913
2602,1.0,0.9103221427864973,0.7745799590702832,0.8660748762315051,0.8678288292810915,0.8509103103792907
2603,1.0,0.5828119214273859,0.5282683183142916,0.5346183820254271,0.586095322329462,0.5657251873570465
2604,0.0,0.047098539063077455,0.11645673574481352,0.005227309468291443,0.03664526964482697,0.06673351481757266
2605,0.0,0.0063389474239315315,0.07060495298960098,0.0,0.014148340340057347,0.03036408025119662
2606,1.0,0.7906634868913056,0.730649946241708,0.8861469919333888,0.9339963041069608,0.8184365790799916
2607,0.0,0.18385423580190244,0.2900839812217369,0.3171130762059916,0.4680506657411467,0.31399629425492864
2608,0.0,0.898782750627661,0.7871213529456191,0.8920601965070986,0.9345890377866952,0.8734977137866585
2609,0.0,0.03254873387101079,0.08814539418669837,0.0007029213483146068,0.08165919238642116,0.0674511068147101
2610,1.0,0.4717650617178674,0.45939796312345715,0.33710756710726986,0.6494598559578516,0.5268742935997254
2611,1.0,0.7373772868265808,0.6921998900665965,0.7466226019685205,0.8377919803277922,0.7557897190736566
2612,0.0,0.6936381156759798,0.6391183637128347,0.7386211108528898,0.6522379001704744,0.6616647931864296
2613,0.0,0.8482283708510959,0.633037073297073,0.624309927066103,0.7360937533093962,0.739119732485855
2614,1.0,0.9593285957974865,0.7087977963305621,0.5716359014704357,0.899786000047233,0.8559707973917606
2615,1.0,0.8501032158343532,0.7968774799495977,0.975241919137684,0.8718072593232441,0.8395959850357317
2616,1.0,0.9348677419228258,0.865519290024715,0.9906962042792256,0.9198596641193726,0.9067488986889711
2617,0.0,0.2677273499541075,0.2895295903871006,0.41073623208486515,0.42694906902648877,0.32806866978923227
2618,0.0,0.44250618224033,0.4571673508853051,0.13338331080060528,0.35186700318562536,0.41718017877042013
2619,0.0,0.009596471040123965,0.06990931485942818,0.0008541041723479684,0.03362751788037567,0.03771110125997594
2620,1.0,0.7739969207635242,0.705335670857645,0.901643103700645,0.8313686173550309,0.7702337363253999
2621,1.0,0.8650332281949149,0.7821889070279796,0.8906004869145409,0.8403041258449866,0.8291754203559604
2622,0.0,0.8214151600766705,0.721982551916696,0.8496044865746182,0.8535534059076302,0.7989837059669989
2623,0.0,0.7619475325219637,0.6833605825134665,0.8438252500321869,0.7199373399307657,0.721748484988732
2624,1.0,0.9341068630857989,0.7194041252803284,0.6714282320020477,0.9121731901277182,0.8552280594979486
2625,1.0,0.9339996203467957,0.8894429839361355,0.9829433392316194,0.9311268891733425,0.9181898311520912
2626,1.0,0.8301636598307689,0.7012826201346267,0.7848586064216831,0.865874026769842,0.7991067689117459
2627,1.0,0.7083593815239825,0.742890168449876,0.9352181907008673,0.8555327142238645,0.768927421399241
2628,1.0,0.8562356262607292,0.6179585125434328,0.712452262468512,0.7815181719432144,0.7519041035824588
2629,1.0,0.8523555063961491,0.7164125983712871,0.8696315565830933,0.7249037485480792,0.7645572844385051
2630,0.0,0.615914204536218,0.44126072671388533,0.41119437492737076,0.5621546550928155,0.5397765287809729
2631,1.0,0.8404670125584104,0.8408500588761909,0.9523968623238628,0.9287276665267178,0.870014912653773
2632,0.0,0.8504148360017763,0.8297538854296208,0.9217590360872026,0.8556436142289024,0.8452707785534331
2633,0.0,0.8215335181753237,0.7182442444158772,0.7448711509632384,0.7458487695760372,0.7618755107224127
2634,1.0,0.8052791708577317,0.7115687804432197,0.7759300879750857,0.8290233623577343,0.7819571045528951
2635,0.0,0.023630406072076383,0.08267125993104914,0.0,0.06053565908964044,0.05561244169758866
2636,1.0,0.7953221471321996,0.7133475036529133,0.5821149538491365,0.8100821076242801,0.772917252803131
2637,1.0,0.7749613197849622,0.7286874435708214,0.8203243997855921,0.7890831892065936,0.7642439841874591
2638,0.0,0.002043476909845495,0.04871288291392071,0.0,0.029971194334720515,0.026909184719495573
2639,1.0,0.8611677953358139,0.7215001726089677,0.8950450945573594,0.8093527992500693,0.797340255731617
2640,1.0,0.813732537209305,0.8088212303381418,0.8351167176013492,0.8803100654352983,0.8342879443275817
2641,1.0,0.7102626360691684,0.6979232643051138,0.8749165536550779,0.8722696080221087,0.7601518361321302
2642,1.0,0.8710370794611004,0.7335162372626749,0.8382229667168026,0.7337357221327601,0.7794296796188451
2643,1.0,0.8053635776355439,0.724581671409951,0.8680231614224521,0.813573728398879,0.781172992481458
2644,1.0,0.8758971244615277,0.8193890510033309,0.9633264124376917,0.8634101058216338,0.8528987604288307
2645,1.0,0.6192231761917831,0.5701145518971139,0.7533109353364348,0.5501164892247594,0.5798180724378855
2646,1.0,0.9423552110574004,0.6984887122529474,0.9046998896148214,0.8801039675566946,0.8403159636223475
2647,1.0,0.7943352513140092,0.6416726177370902,0.6393686989815623,0.7904890999796651,0.742165656343588
2648,1.0,0.7803113492589852,0.6700742700478025,0.7241270671218084,0.8454545404017152,0.7652800532361677
2649,0.0,0.01632240379579621,0.09676531185753193,0.0,0.03362751788037567,0.04890507784456794
2650,1.0,0.7514335004889252,0.6801756677333483,0.5899048448722173,0.7421916632444027,0.7246002771555586
2651,1.0,0.6311501078265321,0.5896843799835813,0.7842345097910824,0.7291295174468524,0.6499880017523219
2652,1.0,0.9101814681760606,0.8344810179078348,0.955596942265799,0.9171269168443622,0.8872631343094192
2653,1.0,0.47225069341198816,0.3036089189801511,0.1757472285357162,0.3495823820071662,0.37514733146643514
2654,1.0,0.8270668644895269,0.7121382886874476,0.6855430910699528,0.8800724285743216,0.8064258605837654
2655,0.0,0.03745841871041716,0.10033402896376171,0.0,0.06053565908964044,0.0661093689212731
2656,1.0,0.6678284137176025,0.6563722494715084,0.8198484655276363,0.7983885193546442,0.707529727514585
2657,1.0,0.7708078164788462,0.6872714958231161,0.8587471380252251,0.8130959026528831,0.7570584049849485
2658,0.0,0.7731221782083787,0.577107425369347,0.44268660219325057,0.540822941366767,0.6303508483148309
2659,1.0,0.8598089679837821,0.5151535118096272,0.6070524818489711,0.6208371457078646,0.665266541833758
2660,0.0,0.003887090927809792,0.07021313324980277,0.0,0.029971194334720515,0.03469047283744436
2661,0.0,0.02197149017398232,0.057362501797650595,0.0,0.029798951162690945,0.03637764771144129
2662,1.0,0.9006835362259185,0.8387925810182169,0.8629006394660105,0.9267259610688628,0.8887340261043327
2663,0.0,0.014166820600871861,0.07670290338631114,0.0,0.029798951162690945,0.04022289171662465
2664,1.0,0.8160321983523698,0.8457842353490532,0.9537203008553535,0.913797292772262,0.8585379088245616
2665,0.0,0.8439154924422753,0.7223559861246774,0.8003588019601013,0.7929911819913134,0.7864208868527554
2666,0.0,0.01916051444531897,0.11901341113013095,0.0,0.029798951162690945,0.05599095891271361
2667,1.0,0.918024260108514,0.8461209633563505,0.9526889728504365,0.8673165856298287,0.8771539363648978
2668,1.0,0.8376350359886843,0.6554520627013121,0.8857584222894038,0.7484663197334963,0.7471844728078308
2669,0.0,0.057545561774816484,0.09958763084472765,0.0,0.06053565908964044,0.07255628390306153
2670,1.0,0.7785318756004714,0.6688295809753435,0.6604069599461208,0.6893260883698296,0.7122291816485481
2671,0.0,0.5445652425151688,0.6970109180634988,0.7066941236044689,0.7895910110764938,0.6770557238850538
2672,0.0,0.05286420288964075,0.20321533096384872,0.0,0.04717856979257918,0.10108603454868954
2673,1.0,0.73540091200159,0.6692779065323662,0.7566058593668912,0.8463244013739529,0.7503344066359697
2674,0.0,0.9021801050693571,0.8167083678947948,0.8523025978413872,0.8787475133593246,0.8658786621078255
2675,1.0,0.5823866773983926,0.5560148968597509,0.5473256273094244,0.6762587564551619,0.6048867769044352
2676,1.0,0.7214355556008422,0.5936014643111628,0.5063252217014346,0.5829126261377702,0.6326498820165917
2677,0.0,0.018481975733323008,0.07067994160768175,0.00381966901885324,0.029798951162690945,0.039653622834565236
2678,1.0,0.8789992392245758,0.7186772235901718,0.9282067578215781,0.7572131782859282,0.7849632137002253
2679,1.0,0.8056678524488803,0.7992953784539353,0.7205399233859561,0.9152857998125326,0.8400830102384494
2680,0.0,0.016616003564001162,0.071345867576588,0.0,0.029971194334720515,0.03931102182510323
2681,1.0,0.018341778448617754,0.19690268147939588,0.0,0.04254003032974486,0.08592816341925281
2682,0.0,0.8340427693831496,0.8200751309582006,0.9762521323774347,0.8200675744968683,0.8247284916127396
2683,1.0,0.5157891019833578,0.4338468134279726,0.3877078444891317,0.45466057528008785,0.4680988302304727
2684,1.0,0.6108341575077804,0.5729288498485208,0.6455271123648844,0.6669550146257194,0.6169060073273401
2685,0.0,0.0774985712040441,0.12950311175902451,0.1263641124370757,0.05228822597172249,0.08642996964493037
2686,1.0,0.9663231395921271,0.791768581872386,0.9267707479110041,0.9125471480364625,0.8902129565003252
2687,1.0,0.8648810484624367,0.6584868636156951,0.6573833909662078,0.7365674157862536,0.7533117759547951
2688,1.0,0.9166490317440148,0.8056986046221042,0.851254176615926,0.9297381695565436,0.8840286019742208
2689,1.0,0.9484442482232165,0.930569662736174,0.9342784561221726,0.952196505704483,0.9437368055546246
2690,1.0,0.8046141719026283,0.8635960224468922,0.7487295676589997,0.9328929891555326,0.8670343945016844
2691,0.0,0.6534625911190878,0.4639853768481755,0.5463290049077973,0.42281456951341095,0.5134208458268914
2692,0.0,0.08062863715905465,0.16938869016565364,0.20248906571257097,0.06053565908964044,0.10351766213811625
2693,0.0,0.9080182445585196,0.8568335818003192,0.9799255945825025,0.9593541397200783,0.908068655359639
2694,1.0,0.7818698697257397,0.7433020017322848,0.8783746846682577,0.8347240580706136,0.786631976509546
2695,1.0,0.6537804868036311,0.6461834851469042,0.7446047398784713,0.8139170952928843,0.7046270224144732
2696,1.0,0.5937658549043763,0.6373191676348573,0.916055098985559,0.7547428809054244,0.6619426344815527
2697,1.0,0.8862661207263918,0.7032915975218268,0.9146037871348821,0.8080262644647956,0.799194660904338
2698,0.0,0.016289243330529484,0.0850828062603878,0.0,0.06053565908964044,0.053969236226852575
2699,1.0,0.9481463051420225,0.8407759849271947,0.9725301296069935,0.9128523770383773,0.9005915557025315
2700,1.0,0.9449189529261789,0.8919206608141229,0.9455340428822545,0.9434924160606931,0.9267773432669983
2701,1.0,0.774736743736869,0.7328636514126308,0.8267013440802825,0.8150544668819482,0.774218287343816
2702,0.0,0.5457947247248192,0.47996118278057165,0.5163522693624524,0.5478592218183165,0.5245383764412358
2703,1.0,0.8379607777561454,0.6446561801486395,0.6311698240321955,0.8282728962742945,0.7702966180596932
2704,0.0,0.7385811968328851,0.6505146171250398,0.7353532212953127,0.7274552342843033,0.7055170160807428
2705,0.0,0.4664938069521002,0.5236955680774638,0.47607289692516647,0.5550675711643656,0.5150856487313099
2706,0.0,0.5851398175605796,0.5234048057112067,0.4903519503153964,0.4804518263219038,0.5296654831978967
2707,0.0,0.8624629529923938,0.6782679353810558,0.6676625312759752,0.8316197151880477,0.7907835345204991
2708,1.0,0.6003171514637782,0.6400408450853464,0.6439336088237418,0.7479356887157413,0.6627645617549554
2709,0.0,0.8164739130381006,0.7164194139941559,0.9325346639085345,0.8361034598537547,0.7896655956286703
2710,1.0,0.9563404991254897,0.8551290198380836,0.9652810278520877,0.8770044166278319,0.8961579785304684
2711,1.0,0.8461236793121665,0.7081259785031507,0.7794572699089929,0.7858031583248201,0.7800176053800457
2712,1.0,0.7657055862952427,0.7135195665980402,0.8987249326872855,0.869092148743763,0.7827724338790153
2713,0.0,0.007313836724961515,0.06518210239406427,0.0,0.029798951162690945,0.034098296760572244
2714,1.0,0.8634803860003404,0.7074275963244007,0.6237946064030147,0.7864878395693986,0.7857986072980466
2715,1.0,0.7543586473706853,0.6648293950525352,0.8168943380714447,0.7524896528646895,0.7238925650959701
2716,1.0,0.773939226961333,0.747375821264824,0.9046285565005798,0.904350774843842,0.8085552743566664
2717,1.0,0.8401457422376598,0.7038007188981409,0.6251202455061979,0.7595936770922213,0.7678467127426739
2718,0.0,0.7788221332450505,0.7256408744273404,0.8450568497229418,0.6756320707353541,0.7266983594692483
2719,1.0,0.715972467178497,0.6653565080687304,0.8182679453563744,0.7522726227181398,0.7112005326551224
2720,1.0,0.862120580319235,0.8513347945496722,0.9598846904740456,0.8115324344964804,0.8416626031217959
2721,1.0,0.9131775015429007,0.8247678167018277,0.9018658181054896,0.9172860469831673,0.8850771217426319
2722,0.0,0.6549396112189919,0.6053924053157665,0.5688545556652174,0.7600004125556002,0.6734441430301196
2723,0.0,0.8745974891936406,0.7379648086168463,0.7850189732354177,0.887958107990643,0.83350680193371
2724,1.0,0.7737995880010067,0.769966426241967,0.9248488083053134,0.8255601181172652,0.789775377453413
2725,0.0,0.012813469958666123,0.0785453659218033,0.009217635994384531,0.06053565908964044,0.05063149832336996
2726,1.0,0.8974405897609793,0.8416101270649655,0.8943276687967413,0.8737286922503563,0.8709264696921003
2727,0.0,0.6283707716165076,0.6541224818710031,0.7591546822138632,0.726691830164575,0.6697283612173619
2728,1.0,0.757931188987109,0.5835514382647407,0.6238525301993434,0.8274725718099961,0.7229850663539485
2729,1.0,0.8202375741672433,0.6950459210733907,0.6440248012097133,0.8047611459186791,0.773348213719771
2730,1.0,0.9079802753349346,0.8700683800112675,0.9728726669340263,0.944479670192213,0.9075094418461385
2731,0.0,0.7085155698518464,0.5487913714798124,0.3449665675128243,0.6814179616521059,0.6462416343279216
2732,1.0,0.8471419995501156,0.8453638720509992,0.8169152996310867,0.8385489024198308,0.8436849246736485
2733,1.0,0.8400652838225023,0.8470231247309502,0.8870363355719254,0.9130883263278289,0.8667255782937605
2734,1.0,0.8256477949610515,0.6817456591898684,0.8005394485678976,0.7686594666515262,0.7586843069341486
2735,0.0,0.4300173565615754,0.5022579350605985,0.42465219615264094,0.44438196904332905,0.45888575355516764
2736,1.0,0.731757259546339,0.5780949777264092,0.6405514100829214,0.6995896813807395,0.669813972884496
2737,1.0,0.8566494977718495,0.8658102690412492,0.8635029079781853,0.8972681263534648,0.8732426310555211
2738,1.0,0.772877473729112,0.6681063763186049,0.822604944841149,0.8504797911261333,0.7638212137246168
2739,0.0,0.030439761201474326,0.15366199183403562,0.005923089703846201,0.06053565908964044,0.08154580404171678
2740,1.0,0.775990486274035,0.7340611973242512,0.8836298446382587,0.7300717201825269,0.7467078012602709
2741,0.0,0.028371410172996988,0.14037452666048514,0.003242332985050389,0.029798951162690945,0.06618162933205769
2742,0.0,0.0012787521170019728,0.04073314494733797,0.0007038202247191013,0.04511628248566554,0.029042726516668494
2743,1.0,0.7761285790909545,0.552933882730457,0.7240467248873651,0.6596029882450125,0.6628884833554747
2744,1.0,0.7135753378004386,0.5955508712881232,0.6794160186550432,0.6397795318325498,0.6496352469737039
2745,0.0,0.6253287393838881,0.6363701190083693,0.5939716998337238,0.8133407338008849,0.6916798640643808
2746,1.0,0.7828980776807424,0.6437741564631976,0.7136186831335044,0.750069186022667,0.725580473388869
2747,0.0,0.3208279352232309,0.4534881886510245,0.34199074391181283,0.4193413397466259,0.3978858212069604
2748,1.0,0.8963137834609016,0.7607204494679175,0.7714977457337215,0.8272356039622475,0.8280899456303555
2749,1.0,0.9041953577089556,0.8291780557093947,0.9718122223273543,0.9491054606754501,0.8941596246979335
2750,0.0,0.6734822853141758,0.6710640828248827,0.6427780163150021,0.7360261982383266,0.6935241887924617
2751,0.0,0.0010832301340242736,0.04151001895800782,0.0,0.029971194334720515,0.024188147808917534
2752,1.0,0.9209349268671267,0.659000788066237,0.7468013080267909,0.7993085518566309,0.7930814222633314
2753,1.0,0.8404132285839088,0.8022720443653482,0.8241158266791538,0.9355186029793017,0.8594012919761861
2754,1.0,0.8862130171188949,0.7495955208408716,0.5876679403696392,0.8723555701175639,0.8360547026924435
2755,0.0,0.0051061471864541595,0.06507595945814514,0.0,0.03796931927900768,0.03605047530786899
2756,1.0,0.9226615939995005,0.8488011187923565,0.95163710877491,0.9296602871673904,0.900374333319749
2757,1.0,0.8750528751944109,0.7221527155302607,0.868266809300185,0.7652599207327979,0.7874885038191565
2758,0.0,0.5253016248220609,0.5637978339567518,0.4925140170297559,0.632860585645428,0.573986681474747
2759,1.0,0.9164995945161591,0.8088443868038127,0.981180906730741,0.8754258636326331,0.8669232816508683
2760,1.0,0.8793887842655382,0.8100387499714603,0.9426904391351704,0.942009228703765,0.8771455876469213
2761,0.0,0.006239902425880892,0.0948023069976935,0.018201947250017426,0.08187738798188895,0.060973199135154456
2762,1.0,0.5526427889614508,0.4301721378264551,0.4282029376899312,0.6100972629264146,0.5309707299047735
2763,1.0,0.6655884234434394,0.4794025168837612,0.2693748417361412,0.3524579270038634,0.499149622443688
2764,0.0,0.011227999718063842,0.06964740669827761,0.0,0.029971194334720515,0.03694886691702066
2765,0.0,0.005068088220771118,0.05809142603149445,0.0,0.029971194334720515,0.031043569528995358
2766,1.0,0.6267730961338264,0.48101938086888835,0.5788127368907693,0.5904014684708767,0.5660646484911971
2767,1.0,0.7868899358106721,0.7197917863667365,0.8342951897675036,0.760475083293251,0.7557189351568865
2768,1.0,0.8519047689629277,0.7035383863808488,0.7656698104411036,0.8013770292322707,0.7856067281920157
2769,1.0,0.8057304501541228,0.7030759386895449,0.9089629160488326,0.7739550315038651,0.7609204734491777
2770,1.0,0.9081472525943896,0.6735144501596136,0.783230853765268,0.8275358306039072,0.8030658444526368
2771,1.0,0.683173409736244,0.46315441206553554,0.44582397554990844,0.6821834483754009,0.6095037567257268
2772,1.0,0.8431673434707813,0.8572586771489257,0.9474760151509608,0.908420270779964,0.869615430466557
2773,1.0,0.9018831374579662,0.8053961392354323,0.9368949971927623,0.8332580801565569,0.8468457856166518
2774,1.0,0.9093940575248554,0.8398172745435675,0.828283622228375,0.8729764075319351,0.874062579866786
2775,1.0,0.8818401957472897,0.7923590530338405,0.8447321906253713,0.9440748614205532,0.8727580367338944
2776,0.0,0.007636308469416072,0.07535673825506456,0.0,0.029971194334720515,0.03765474701973371
2777,1.0,0.8824247238069971,0.6733011644678882,0.6863239511328943,0.7974461148709329,0.7843906677152729
2778,1.0,0.9483050274050666,0.9215239530930021,0.9127757939158353,0.9437236521297908,0.9378508775426199
2779,1.0,0.7008823416521611,0.7543829452189597,0.8369243460628957,0.8508945849072684,0.7687199572594631
2780,1.0,0.75819255548787,0.6705536603401727,0.7244274677750442,0.8456307516487619,0.7581256558256015
